행정구역,총인구수,연령구간인구수,0~9세,10~19세,20~29세,30~39세,40~49세,50~59세,60~69세,70~79세,80~89세,90~99세,100세 이상,총인구수.1,연령구간인구수.1,0~9세.1,10~19세.1,20~29세.1,30~39세.1,40~49세.1,50~59세.1,60~69세.1,70~79세.1,80~89세.1,90~99세.1,100세 이상.1,총인구수.2,연령구간인구수.2,0~9세.2,10~19세.2,20~29세.2,30~39세.2,40~49세.2,50~59세.2,60~69세.2,70~79세.2,80~89세.2,90~99세.2,100세 이상.2,Unnamed: 40,Unnamed: 41,Unnamed: 42,Unnamed: 43,Unnamed: 44,Unnamed: 45,Unnamed: 46,Unnamed: 47,Unnamed: 48,sum_60,sum_0_20,sum_20_60,oldAgePercent,childAgePercent,adultAgePercent,행정구역,총인구수,연령구간인구수,0~9세,10~19세,20~29세,30~39세,40~49세,50~59세,60~69세,70~79세,80~89세,90~99세,100세 이상,총인구수.1,연령구간인구수.1,0~9세.1,10~19세.1,20~29세.1,30~39세.1,40~49세.1,50~59세.1,60~69세.1,70~79세.1,80~89세.1,90~99세.1,100세 이상.1,총인구수.2,연령구간인구수.2,0~9세.2,10~19세.2,20~29세.2,30~39세.2,40~49세.2,50~59세.2,60~69세.2,70~79세.2,80~89세.2,90~99세.2,100세 이상.2,sum_60,sum_0_20,sum_20_60,oldAgePercent,childAgePercent,adultAgePercent,행정구역,총인구수,연령구간인구수,0~9세,10~19세,20~29세,30~39세,40~49세,50~59세,60~69세,70~79세,80~89세,90~99세,100세 이상,총인구수.1,연령구간인구수.1,0~9세.1,10~19세.1,20~29세.1,30~39세.1,40~49세.1,50~59세.1,60~69세.1,70~79세.1,80~89세.1,90~99세.1,100세 이상.1,총인구수.2,연령구간인구수.2,0~9세.2,10~19세.2,20~29세.2,30~39세.2,40~49세.2,50~59세.2,60~69세.2,70~79세.2,80~89세.2,90~99세.2,100세 이상.2,Unnamed: 40,Unnamed: 41,Unnamed: 42,Unnamed: 43,sum_60,sum_0_20,sum_20_60,oldAgePercent,childAgePercent,adultAgePercent,행정구역,총인구수,연령구간인구수,0~9세,10~19세,20~29세,30~39세,40~49세,50~59세,60~69세,70~79세,80~89세,90~99세,100세 이상,총인구수.1,연령구간인구수.1,0~9세.1,10~19세.1,20~29세.1,30~39세.1,40~49세.1,50~59세.1,60~69세.1,70~79세.1,80~89세.1,90~99세.1,100세 이상.1,총인구수.2,연령구간인구수.2,0~9세.2,10~19세.2,20~29세.2,30~39세.2,40~49세.2,50~59세.2,60~69세.2,70~79세.2,80~89세.2,90~99세.2,100세 이상.2,Unnamed: 40,Unnamed: 41,Unnamed: 42,Unnamed: 43,Unnamed: 44,sum_60,sum_0_20,sum_20_60,oldAgePercent,childAgePercent,adultAgePercent,행정구역,총인구수,연령구간인구수,0~9세,10~19세,20~29세,30~39세,40~49세,50~59세,60~69세,70~79세,80~89세,90~99세,100세 이상,총인구수.1,연령구간인구수.1,0~9세.1,10~19세.1,20~29세.1,30~39세.1,40~49세.1,50~59세.1,60~69세.1,70~79세.1,80~89세.1,90~99세.1,100세 이상.1,총인구수.2,연령구간인구수.2,0~9세.2,10~19세.2,20~29세.2,30~39세.2,40~49세.2,50~59세.2,60~69세.2,70~79세.2,80~89세.2,90~99세.2,100세 이상.2,sum_60,sum_0_20,sum_20_60,oldAgePercent,childAgePercent,adultAgePercent,행정구역,총인구수,연령구간인구수,0~9세,10~19세,20~29세,30~39세,40~49세,50~59세,60~69세,70~79세,80~89세,90~99세,100세 이상,총인구수.1,연령구간인구수.1,0~9세.1,10~19세.1,20~29세.1,30~39세.1,40~49세.1,50~59세.1,60~69세.1,70~79세.1,80~89세.1,90~99세.1,100세 이상.1,총인구수.2,연령구간인구수.2,0~9세.2,10~19세.2,20~29세.2,30~39세.2,40~49세.2,50~59세.2,60~69세.2,70~79세.2,80~89세.2,90~99세.2,100세 이상.2,sum_60,sum_0_20,sum_20_60,oldAgePercent,childAgePercent,adultAgePercent,행정구역,총인구수,연령구간인구수,0~9세,10~19세,20~29세,30~39세,40~49세,50~59세,60~69세,70~79세,80~89세,90~99세,100세 이상,총인구수.1,연령구간인구수.1,0~9세.1,10~19세.1,20~29세.1,30~39세.1,40~49세.1,50~59세.1,60~69세.1,70~79세.1,80~89세.1,90~99세.1,100세 이상.1,총인구수.2,연령구간인구수.2,0~9세.2,10~19세.2,20~29세.2,30~39세.2,40~49세.2,50~59세.2,60~69세.2,70~79세.2,80~89세.2,90~99세.2,100세 이상.2,Unnamed: 40,Unnamed: 41,Unnamed: 42,Unnamed: 43,sum_60,sum_0_20,sum_20_60,oldAgePercent,childAgePercent,adultAgePercent,행정구역,총인구수,연령구간인구수,0~9세,10~19세,20~29세,30~39세,40~49세,50~59세,60~69세,70~79세,80~89세,90~99세,100세 이상,총인구수.1,연령구간인구수.1,0~9세.1,10~19세.1,20~29세.1,30~39세.1,40~49세.1,50~59세.1,60~69세.1,70~79세.1,80~89세.1,90~99세.1,100세 이상.1,총인구수.2,연령구간인구수.2,0~9세.2,10~19세.2,20~29세.2,30~39세.2,40~49세.2,50~59세.2,60~69세.2,70~79세.2,80~89세.2,90~99세.2,100세 이상.2,sum_60,sum_0_20,sum_20_60,oldAgePercent,childAgePercent,adultAgePercent,행정구역,총인구수,연령구간인구수,0~9세,10~19세,20~29세,30~39세,40~49세,50~59세,60~69세,70~79세,80~89세,90~99세,100세 이상,총인구수.1,연령구간인구수.1,0~9세.1,10~19세.1,20~29세.1,30~39세.1,40~49세.1,50~59세.1,60~69세.1,70~79세.1,80~89세.1,90~99세.1,100세 이상.1,총인구수.2,연령구간인구수.2,0~9세.2,10~19세.2,20~29세.2,30~39세.2,40~49세.2,50~59세.2,60~69세.2,70~79세.2,80~89세.2,90~99세.2,100세 이상.2,sum_60,sum_0_20,sum_20_60,oldAgePercent,childAgePercent,adultAgePercent,행정구역,총인구수,연령구간인구수,0~9세,10~19세,20~29세,30~39세,40~49세,50~59세,60~69세,70~79세,80~89세,90~99세,100세 이상,총인구수.1,연령구간인구수.1,0~9세.1,10~19세.1,20~29세.1,30~39세.1,40~49세.1,50~59세.1,60~69세.1,70~79세.1,80~89세.1,90~99세.1,100세 이상.1,총인구수.2,연령구간인구수.2,0~9세.2,10~19세.2,20~29세.2,30~39세.2,40~49세.2,50~59세.2,60~69세.2,70~79세.2,80~89세.2,90~99세.2,100세 이상.2,sum_60,sum_0_20,sum_20_60,oldAgePercent,childAgePercent,adultAgePercent,행정구역,총인구수,연령구간인구수,0~9세,10~19세,20~29세,30~39세,40~49세,50~59세,60~69세,70~79세,80~89세,90~99세,100세 이상,총인구수.1,연령구간인구수.1,0~9세.1,10~19세.1,20~29세.1,30~39세.1,40~49세.1,50~59세.1,60~69세.1,70~79세.1,80~89세.1,90~99세.1,100세 이상.1,총인구수.2,연령구간인구수.2,0~9세.2,10~19세.2,20~29세.2,30~39세.2,40~49세.2,50~59세.2,60~69세.2,70~79세.2,80~89세.2,90~99세.2,100세 이상.2,sum_60,sum_0_20,sum_20_60,oldAgePercent,childAgePercent,adultAgePercent
경기도  ,13630821,13630821,989550,1320631,1682138,1878734,2256931,2335999,1831793,847103,423029,63061,1852,6855895,6855895,506358,675747,885110,979572,1150795,1177701,914132,391368,159419,15304,389,6774926,6774926,483192,644884,797028,899162,1106136,1158298,917661,455735,263610,47757,1463,,,,,,,,,,3166838,2310181,8153802,23.232921920110314,16.948216105251472,59.81886197463822,강원특별자치도  ,1527807.0,1527807.0,90872.0,129053.0,163610.0,158594.0,208819.0,262513.0,275323.0,141876.0,84135.0,12622.0,390.0,768449.0,768449.0,46463.0,66935.0,91639.0,84692.0,106310.0,135485.0,138020.0,65495.0,30543.0,2775.0,92.0,759358.0,759358.0,44409.0,62118.0,71971.0,73902.0,102509.0,127028.0,137303.0,76381.0,53592.0,9847.0,298.0,514346.0,219925.0,793536.0,33.66563970449147,14.394815575527536,51.93954471998099,경상남도  ,3251158.0,3251158.0,211999.0,315947.0,322711.0,350135.0,505303.0,582857.0,529417.0,269057.0,141937.0,21352.0,443.0,1636987.0,1636987.0,109126.0,163921.0,181299.0,185290.0,259730.0,297614.0,265076.0,124074.0,46745.0,4055.0,57.0,1614171.0,1614171.0,102873.0,152026.0,141412.0,164845.0,245573.0,285243.0,264341.0,144983.0,95192.0,17297.0,386.0,,,,,962206.0,527946.0,1761006.0,29.595793252742563,16.238706331713193,54.16550041554424,경상북도  ,2554324.0,2554324.0,151926.0,217311.0,248255.0,259154.0,357366.0,444707.0,449427.0,252946.0,150000.0,22667.0,565.0,1290298.0,1290298.0,78092.0,113675.0,142133.0,140706.0,186024.0,230473.0,226589.0,117089.0,50686.0,4777.0,54.0,1264026.0,1264026.0,73834.0,103636.0,106122.0,118448.0,171342.0,214234.0,222838.0,135857.0,99314.0,17890.0,511.0,,,,,,875605.0,369237.0,1309482.0,34.27932400118387,14.45537057945664,51.265305419359485,전국  ,51325329.0,51325329.0,3332892.0,4651460.0,6197486.0,6575548.0,7922134.0,8695699.0,7630708.0,3966203.0,2045024.0,299638.0,8537.0,25565736.0,25565736.0,1708010.0,2393339.0,3236838.0,3420991.0,4028250.0,4385550.0,3755827.0,1818730.0,748225.0,68553.0,1423.0,25759593.0,25759593.0,1624882.0,2258121.0,2960648.0,3154557.0,3893884.0,4310149.0,3874881.0,2147473.0,1296799.0,231085.0,7114.0,13950110.0,7984352.0,37021575.0,27.17977706484843,15.556358148235152,72.13119861345653,세종특별자치시  ,386525.0,386525.0,43541.0,50736.0,37810.0,59340.0,77183.0,54433.0,37233.0,16478.0,8234.0,1494.0,43.0,192524.0,192524.0,22122.0,25585.0,19199.0,29268.0,38244.0,28501.0,18533.0,7793.0,2972.0,302.0,5.0,194001.0,194001.0,21419.0,25151.0,18611.0,30072.0,38939.0,25932.0,18700.0,8685.0,5262.0,1192.0,38.0,63482.0,94277.0,228766.0,16.42377595239635,24.390919086734364,59.18530496086929,전라남도  ,1804217.0,1804217.0,107726.0,158933.0,178152.0,169502.0,240813.0,310282.0,305457.0,189922.0,123690.0,19148.0,592.0,909548.0,909548.0,55007.0,81807.0,99758.0,89471.0,127824.0,167170.0,156840.0,87378.0,40423.0,3801.0,69.0,894669.0,894669.0,52719.0,77126.0,78394.0,80031.0,112989.0,143112.0,148617.0,102544.0,83267.0,15347.0,523.0,,,,,638809.0,266659.0,898749.0,35.40643946930996,14.779763188130918,49.81379734255913,전라북도  ,1754757.0,1754757.0,102482.0,164304.0,190813.0,172999.0,245114.0,300818.0,284897.0,171805.0,104131.0,16920.0,474.0,873419.0,873419.0,52352.0,84960.0,103468.0,90056.0,125613.0,156268.0,142143.0,78851.0,35933.0,3714.0,61.0,881338.0,881338.0,50130.0,79344.0,87345.0,82943.0,119501.0,144550.0,142754.0,92954.0,68198.0,13206.0,413.0,578227.0,266786.0,909744.0,32.951969987867265,15.203586593471346,51.84444341866139,제주특별자치도  ,675252.0,675252.0,51403.0,70469.0,74037.0,78167.0,108720.0,118487.0,93983.0,47881.0,26824.0,4986.0,295.0,337976.0,337976.0,26386.0,36468.0,39448.0,39613.0,55331.0,61292.0,46954.0,21993.0,9556.0,918.0,17.0,337276.0,337276.0,25017.0,34001.0,34589.0,38554.0,53389.0,57195.0,47029.0,25888.0,17268.0,4068.0,278.0,173969.0,121872.0,379411.0,25.76356678691807,18.048373051838425,56.18806016124351,충청남도  ,2130119.0,2130119.0,143771.0,202057.0,225658.0,251099.0,323996.0,350093.0,325082.0,178624.0,110575.0,18670.0,494.0,1091570.0,1091570.0,73713.0,104493.0,125506.0,136399.0,172380.0,185944.0,165155.0,84068.0,39366.0,4478.0,68.0,1038549.0,1038549.0,70058.0,97564.0,100152.0,114700.0,151616.0,164149.0,159927.0,94556.0,71209.0,14192.0,426.0,633445.0,345828.0,1150846.0,29.73754048482737,16.23514930386518,54.02731021130744,충청북도  ,1593469.0,1593469.0,103333.0,144446.0,181676.0,187761.0,230702.0,272450.0,257982.0,128433.0,75249.0,11181.0,256.0,810448.0,810448.0,52921.0,74720.0,100616.0,102774.0,119606.0,140085.0,130480.0,60151.0,26651.0,2404.0,40.0,783021.0,783021.0,50412.0,69726.0,81060.0,84987.0,111096.0,132365.0,127502.0,68282.0,48598.0,8777.0,216.0,473101.0,247779.0,872589.0,29.690003382557173,15.549659265414013,54.76033735202881
수원시 ,1197257,1197257,82636,113383,175839,184342,195012,202330,146108,62753,30244,4483,127,602346,602346,42604,58401,91671,97691,98566,100280,72503,28434,11090,1080,26,594911,594911,40032,54982,84168,86651,96446,102050,73605,34319,19154,3403,101,,,,,,,,,,243715,196019,757523,20.35611401729119,16.37234110971997,63.27154487298884,춘천시 ,286426.0,286426.0,18917.0,26060.0,36972.0,34305.0,40807.0,46897.0,44359.0,21996.0,13913.0,2137.0,63.0,141419.0,141419.0,9659.0,13502.0,19722.0,17847.0,20109.0,23568.0,21557.0,9840.0,5065.0,527.0,23.0,145007.0,145007.0,9258.0,12558.0,17250.0,16458.0,20698.0,23329.0,22802.0,12156.0,8848.0,1610.0,40.0,82468.0,44977.0,158981.0,28.792078931381926,15.70283423990839,55.50508682870968,창원시 ,1009038.0,1009038.0,67055.0,96798.0,110725.0,121305.0,159944.0,181804.0,161935.0,73980.0,31153.0,4263.0,76.0,510633.0,510633.0,34431.0,50250.0,62525.0,64951.0,82096.0,89972.0,79965.0,34631.0,10994.0,806.0,12.0,498405.0,498405.0,32624.0,46548.0,48200.0,56354.0,77848.0,91832.0,81970.0,39349.0,20159.0,3457.0,64.0,,,,,271407.0,163853.0,573778.0,26.897599495757348,16.238536110632108,56.86386439361056,포항시 ,493033.0,493033.0,32160.0,45811.0,50035.0,53799.0,73901.0,86723.0,86270.0,43074.0,18642.0,2555.0,63.0,250242.0,250242.0,16702.0,23944.0,29184.0,29339.0,37712.0,43485.0,42119.0,20671.0,6586.0,494.0,6.0,242791.0,242791.0,15458.0,21867.0,20851.0,24460.0,36189.0,43238.0,44151.0,22403.0,12056.0,2061.0,57.0,,,,,,150604.0,77971.0,264458.0,30.54643401151647,15.814560080156904,53.639005908326624,서울특별시  ,9386034.0,9386034.0,513562.0,733211.0,1355811.0,1427405.0,1420073.0,1495557.0,1315938.0,738469.0,339214.0,45346.0,1448.0,4540031.0,4540031.0,263448.0,375346.0,643229.0,713915.0,703001.0,734760.0,622855.0,334075.0,137024.0,12059.0,319.0,4846003.0,4846003.0,250114.0,357865.0,712582.0,713490.0,717072.0,760797.0,693083.0,404394.0,202190.0,33287.0,1129.0,2440415.0,1246773.0,7014784.0,26.000491794510864,13.283278112992134,74.736400912249,세종특별자치시 ,386525.0,386525.0,43541.0,50736.0,37810.0,59340.0,77183.0,54433.0,37233.0,16478.0,8234.0,1494.0,43.0,192524.0,192524.0,22122.0,25585.0,19199.0,29268.0,38244.0,28501.0,18533.0,7793.0,2972.0,302.0,5.0,194001.0,194001.0,21419.0,25151.0,18611.0,30072.0,38939.0,25932.0,18700.0,8685.0,5262.0,1192.0,38.0,63482.0,94277.0,228766.0,16.42377595239635,24.390919086734364,59.18530496086929,목포시 ,214156.0,214156.0,13517.0,23295.0,24374.0,21564.0,34520.0,36966.0,31554.0,18536.0,8672.0,1121.0,37.0,106416.0,106416.0,6953.0,11907.0,13291.0,11027.0,17771.0,18953.0,14916.0,8264.0,3084.0,245.0,5.0,107740.0,107740.0,6564.0,11388.0,11083.0,10537.0,16749.0,18013.0,16638.0,10272.0,5588.0,876.0,32.0,,,,,59920.0,36812.0,117424.0,27.979603653411534,17.18933861297372,54.83105773361475,전주시 ,642727.0,642727.0,43992.0,67931.0,85269.0,76788.0,99645.0,108843.0,86065.0,46991.0,23617.0,3502.0,84.0,315709.0,315709.0,22493.0,34988.0,44688.0,39451.0,48907.0,53538.0,40855.0,21087.0,8843.0,848.0,11.0,327018.0,327018.0,21499.0,32943.0,40581.0,37337.0,50738.0,55305.0,45210.0,25904.0,14774.0,2654.0,73.0,160259.0,111923.0,370545.0,24.934225573221603,17.41376976539028,57.65200466138811,제주특별자치도 제주특별자치도 제주시 ,491654.0,491654.0,38632.0,52734.0,57044.0,59940.0,79832.0,85664.0,64901.0,31930.0,17436.0,3334.0,207.0,245561.0,245561.0,19787.0,27253.0,30145.0,30497.0,40458.0,43766.0,32230.0,14630.0,6185.0,598.0,12.0,246093.0,246093.0,18845.0,25481.0,26899.0,29443.0,39374.0,41898.0,32671.0,17300.0,11251.0,2736.0,195.0,117808.0,91366.0,282480.0,23.96156646747509,18.583394012862705,57.4550395196622,천안시 ,655959.0,655959.0,49866.0,67542.0,89668.0,96930.0,111427.0,108174.0,78573.0,33572.0,17435.0,2692.0,80.0,336169.0,336169.0,25607.0,34800.0,47890.0,52017.0,58159.0,55319.0,39889.0,15703.0,6176.0,599.0,10.0,319790.0,319790.0,24259.0,32742.0,41778.0,44913.0,53268.0,52855.0,38684.0,17869.0,11259.0,2093.0,70.0,132352.0,117408.0,406199.0,20.17687081052322,17.898679643087448,61.92444954638934,청주시 ,852189.0,852189.0,63606.0,84520.0,111820.0,118033.0,134187.0,141304.0,114522.0,52168.0,27833.0,4109.0,87.0,430449.0,430449.0,32461.0,43499.0,60727.0,63850.0,68296.0,70460.0,56505.0,24007.0,9778.0,856.0,10.0,421740.0,421740.0,31145.0,41021.0,51093.0,54183.0,65891.0,70844.0,58017.0,28161.0,18055.0,3253.0,77.0,198719.0,148126.0,505344.0,23.31865349118564,17.38182492381385,59.29952158500051
수원시 장안구 ,270849,270849,15171,26211,40724,33585,41002,49885,36970,16909,8973,1378,41,136145,136145,7724,13536,22271,17982,20345,24714,18336,7545,3364,319,9,134704,134704,7447,12675,18453,15603,20657,25171,18634,9364,5609,1059,32,,,,,,,,,,64271,41382,165196,23.729458111346176,15.278623882680018,60.99191800597381,원주시 ,361503.0,361503.0,25618.0,34679.0,42306.0,45545.0,55623.0,62537.0,54711.0,23940.0,14305.0,2184.0,55.0,179115.0,179115.0,13104.0,17793.0,22492.0,23354.0,27502.0,31111.0,27149.0,10983.0,5122.0,494.0,11.0,182388.0,182388.0,12514.0,16886.0,19814.0,22191.0,28121.0,31426.0,27562.0,12957.0,9183.0,1690.0,44.0,95195.0,60297.0,206011.0,26.33311480126029,16.6795296304595,56.98735556828021,창원시 의창구 ,213342.0,213342.0,14605.0,19255.0,24403.0,26290.0,32575.0,40208.0,35117.0,14209.0,5854.0,814.0,12.0,108453.0,108453.0,7411.0,9991.0,13771.0,14069.0,16822.0,19555.0,17813.0,6926.0,1951.0,144.0,0.0,104889.0,104889.0,7194.0,9264.0,10632.0,12221.0,15753.0,20653.0,17304.0,7283.0,3903.0,670.0,12.0,,,,,56006.0,33860.0,123476.0,26.251746022817823,15.871230231271854,57.87702374591033,포항시 남구 ,226278.0,226278.0,13990.0,20787.0,23786.0,24339.0,34280.0,39930.0,39512.0,20208.0,8368.0,1054.0,24.0,117509.0,117509.0,7273.0,10890.0,14479.0,13580.0,17981.0,20803.0,19538.0,9739.0,3041.0,184.0,1.0,108769.0,108769.0,6717.0,9897.0,9307.0,10759.0,16299.0,19127.0,19974.0,10469.0,5327.0,870.0,23.0,,,,,,69166.0,34777.0,122335.0,30.566824879130984,15.369147685590292,54.06402743527872,부산광역시  ,3293362.0,3293362.0,194403.0,263339.0,377587.0,390659.0,484716.0,541925.0,560720.0,320407.0,141906.0,17268.0,432.0,1605431.0,1605431.0,99689.0,135082.0,193992.0,201309.0,244820.0,264670.0,264259.0,144256.0,53412.0,3880.0,62.0,1687931.0,1687931.0,94714.0,128257.0,183595.0,189350.0,239896.0,277255.0,296461.0,176151.0,88494.0,13388.0,370.0,1040733.0,457742.0,2355607.0,31.600929384622766,13.898927600427768,71.52590574616455,,,,,,,,,,,,,,,,,,,,,,,,,,,,,,,,,,,,,,,,,,,,,,,여수시 ,271696.0,271696.0,17081.0,24643.0,29965.0,28128.0,38658.0,47483.0,44924.0,26101.0,12770.0,1881.0,62.0,138354.0,138354.0,8705.0,12622.0,16977.0,15312.0,20240.0,25044.0,22348.0,12232.0,4501.0,366.0,7.0,133342.0,133342.0,8376.0,12021.0,12988.0,12816.0,18418.0,22439.0,22576.0,13869.0,8269.0,1515.0,55.0,,,,,85738.0,41724.0,144234.0,31.556592662387374,15.356869442317883,53.08653789529474,전주시 완산구 ,327178.0,327178.0,19679.0,32693.0,44382.0,37398.0,47979.0,57655.0,47086.0,25646.0,12648.0,1962.0,50.0,158979.0,158979.0,10136.0,16955.0,22988.0,19238.0,23167.0,27756.0,22085.0,11538.0,4644.0,467.0,5.0,168199.0,168199.0,9543.0,15738.0,21394.0,18160.0,24812.0,29899.0,25001.0,14108.0,8004.0,1495.0,45.0,87392.0,52372.0,187414.0,26.71084241605487,16.007188747409668,57.28196883653547,제주특별자치도 제주특별자치도 서귀포시 ,183598.0,183598.0,12771.0,17735.0,16993.0,18227.0,28888.0,32823.0,29082.0,15951.0,9388.0,1652.0,88.0,92415.0,92415.0,6599.0,9215.0,9303.0,9116.0,14873.0,17526.0,14724.0,7363.0,3371.0,320.0,5.0,91183.0,91183.0,6172.0,8520.0,7690.0,9111.0,14015.0,15297.0,14358.0,8588.0,6017.0,1332.0,83.0,56161.0,30506.0,96931.0,30.589113171167444,16.61564940794562,52.79523742088694,천안시 동남구 ,256691.0,256691.0,16198.0,25365.0,33420.0,30916.0,40809.0,44828.0,37385.0,17221.0,9067.0,1438.0,44.0,130122.0,130122.0,8286.0,13112.0,17718.0,16588.0,21003.0,22861.0,18806.0,8144.0,3264.0,334.0,6.0,126569.0,126569.0,7912.0,12253.0,15702.0,14328.0,19806.0,21967.0,18579.0,9077.0,5803.0,1104.0,38.0,65155.0,41563.0,149973.0,25.38265852717859,16.191841552683968,58.42549992013745,청주시 상당구 ,200575.0,200575.0,15165.0,20108.0,23247.0,24945.0,30811.0,34747.0,29014.0,13775.0,7658.0,1081.0,24.0,99657.0,99657.0,7611.0,10389.0,12480.0,12943.0,15378.0,17173.0,14414.0,6347.0,2704.0,214.0,4.0,100918.0,100918.0,7554.0,9719.0,10767.0,12002.0,15433.0,17574.0,14600.0,7428.0,4954.0,867.0,20.0,51552.0,35273.0,113750.0,25.702106443973577,17.585940421288797,56.71195313473763
수원시 권선구 ,366167,366167,25476,32358,49920,57315,59602,62539,48626,20039,8919,1345,28,184970,184970,13212,16623,25802,30690,30920,30775,24155,9230,3232,327,4,181197,181197,12264,15735,24118,26625,28682,31764,24471,10809,5687,1018,24,,,,,,,,,,78957,57834,229376,21.56311191341656,15.7944325949635,62.64245549161994,강릉시 ,209439.0,209439.0,11413.0,17380.0,22654.0,20358.0,29591.0,36506.0,37188.0,20886.0,11534.0,1869.0,60.0,103759.0,103759.0,5887.0,9145.0,12429.0,10889.0,14894.0,18645.0,17853.0,9391.0,4217.0,400.0,9.0,105680.0,105680.0,5526.0,8235.0,10225.0,9469.0,14697.0,17861.0,19335.0,11495.0,7317.0,1469.0,51.0,71537.0,28793.0,109109.0,34.156484704376936,13.74767832161154,52.09583697401152,창원시 성산구 ,245259.0,245259.0,16214.0,24345.0,31963.0,34285.0,37647.0,49261.0,36233.0,10679.0,3950.0,669.0,13.0,125110.0,125110.0,8278.0,12718.0,18171.0,18547.0,18501.0,23340.0,18800.0,5312.0,1325.0,116.0,2.0,120149.0,120149.0,7936.0,11627.0,13792.0,15738.0,19146.0,25921.0,17433.0,5367.0,2625.0,553.0,11.0,,,,,51544.0,40559.0,153156.0,21.0161502737922,16.537211682343973,62.44663804386384,포항시 북구 ,266755.0,266755.0,18170.0,25024.0,26249.0,29460.0,39621.0,46793.0,46758.0,22866.0,10274.0,1501.0,39.0,132733.0,132733.0,9429.0,13054.0,14705.0,15759.0,19731.0,22682.0,22581.0,10932.0,3545.0,310.0,5.0,134022.0,134022.0,8741.0,11970.0,11544.0,13701.0,19890.0,24111.0,24177.0,11934.0,6729.0,1191.0,34.0,,,,,,81438.0,43194.0,142123.0,30.529137223294786,16.192386272047386,53.27847650465783,대구광역시  ,2374960.0,2374960.0,150403.0,214121.0,282470.0,279965.0,356114.0,420799.0,365980.0,195523.0,96888.0,12432.0,265.0,1166803.0,1166803.0,77161.0,110515.0,148961.0,149088.0,176398.0,205400.0,175097.0,86180.0,35074.0,2897.0,32.0,1208157.0,1208157.0,73242.0,103606.0,133509.0,130877.0,179716.0,215399.0,190883.0,109343.0,61814.0,9535.0,233.0,671088.0,364524.0,1705328.0,28.256812746319937,15.348637450736014,71.80449354936505,,,,,,,,,,,,,,,,,,,,,,,,,,,,,,,,,,,,,,,,,,,,,,,순천시 ,278137.0,278137.0,20198.0,28668.0,33557.0,32076.0,40476.0,49124.0,40507.0,19932.0,11671.0,1879.0,49.0,138814.0,138814.0,10352.0,14799.0,18361.0,16656.0,20007.0,24551.0,20413.0,9352.0,3937.0,382.0,4.0,139323.0,139323.0,9846.0,13869.0,15196.0,15420.0,20469.0,24573.0,20094.0,10580.0,7734.0,1497.0,45.0,,,,,74038.0,48866.0,155233.0,26.619255978169036,17.569039717836894,55.81170430399407,전주시 덕진구 ,315549.0,315549.0,24313.0,35238.0,40887.0,39390.0,51666.0,51188.0,38979.0,21345.0,10969.0,1540.0,34.0,156730.0,156730.0,12357.0,18033.0,21700.0,20213.0,25740.0,25782.0,18770.0,9549.0,4199.0,381.0,6.0,158819.0,158819.0,11956.0,17205.0,19187.0,19177.0,25926.0,25406.0,20209.0,11796.0,6770.0,1159.0,28.0,72867.0,59551.0,183131.0,23.09213466,18.87218783770508,58.03567750175092,,,,,,,,,,,,,,,,,,,,,,,,,,,,,,,,,,,,,,,,,0.0,0.0,0.0,,,,천안시 서북구 ,399268.0,399268.0,33668.0,42177.0,56248.0,66014.0,70618.0,63346.0,41188.0,16351.0,8368.0,1254.0,36.0,206047.0,206047.0,17321.0,21688.0,30172.0,35429.0,37156.0,32458.0,21083.0,7559.0,2912.0,265.0,4.0,193221.0,193221.0,16347.0,20489.0,26076.0,30585.0,33462.0,30888.0,20105.0,8792.0,5456.0,989.0,32.0,67197.0,75845.0,256226.0,16.83004898965106,18.996012703246944,64.17393830710199,청주시 서원구 ,186302.0,186302.0,10576.0,17937.0,26197.0,21189.0,26928.0,33560.0,28435.0,13459.0,6975.0,1027.0,19.0,92775.0,92775.0,5471.0,9249.0,14131.0,11408.0,13385.0,16470.0,13837.0,6080.0,2516.0,227.0,1.0,93527.0,93527.0,5105.0,8688.0,12066.0,9781.0,13543.0,17090.0,14598.0,7379.0,4459.0,800.0,18.0,49915.0,28513.0,107874.0,26.792519672359933,15.304720292857832,57.90276003478223
수원시 팔달구 ,197213,197213,11737,14079,30338,32305,28749,32690,26876,13234,6346,831,28,99290,99290,6044,7290,15345,17499,14981,16554,13055,5985,2321,210,6,97923,97923,5693,6789,14993,14806,13768,16136,13821,7249,4025,621,22,,,,,,,,,,47315,25816,124082,23.991826096656915,13.090414932078517,62.91775897126457,동해시 ,88625.0,88625.0,5426.0,8266.0,8485.0,8244.0,13245.0,15922.0,15323.0,8542.0,4533.0,626.0,13.0,45045.0,45045.0,2776.0,4323.0,4982.0,4564.0,6835.0,8375.0,7437.0,3926.0,1705.0,120.0,2.0,43580.0,43580.0,2650.0,3943.0,3503.0,3680.0,6410.0,7547.0,7886.0,4616.0,2828.0,506.0,11.0,29037.0,13692.0,45896.0,32.7638928067701,15.449365303244006,51.7867418899859,창원시 마산합포구 ,179394.0,179394.0,11586.0,14767.0,17130.0,19625.0,26919.0,28919.0,32253.0,18618.0,8385.0,1167.0,25.0,89116.0,89116.0,6009.0,7602.0,9535.0,10317.0,14222.0,14561.0,15260.0,8418.0,2974.0,210.0,8.0,90278.0,90278.0,5577.0,7165.0,7595.0,9308.0,12697.0,14358.0,16993.0,10200.0,5411.0,957.0,17.0,,,,,60448.0,26353.0,92593.0,33.695664292005304,14.690011929050025,51.61432377894467,경주시 ,247489.0,247489.0,13413.0,19526.0,22860.0,23061.0,33201.0,46090.0,46057.0,26218.0,14827.0,2186.0,50.0,123906.0,123906.0,6882.0,10151.0,12878.0,12410.0,17397.0,23702.0,23156.0,11957.0,4905.0,461.0,7.0,123583.0,123583.0,6531.0,9375.0,9982.0,10651.0,15804.0,22388.0,22901.0,14261.0,9922.0,1725.0,43.0,,,,,,89338.0,32939.0,125212.0,36.09776596131545,13.309278392170963,50.59295564651358,인천광역시  ,2997410.0,2997410.0,202329.0,272079.0,364103.0,413085.0,480780.0,516033.0,441411.0,197825.0,94397.0,14877.0,491.0,1499016.0,1499016.0,103733.0,139614.0,188915.0,215282.0,247250.0,256886.0,218084.0,91836.0,34124.0,3192.0,100.0,1498394.0,1498394.0,98596.0,132465.0,175188.0,197803.0,233530.0,259147.0,223327.0,105989.0,60273.0,11685.0,391.0,749001.0,474408.0,2215412.0,24.988273209203943,15.827264204763448,73.91087638994999,,,,,,,,,,,,,,,,,,,,,,,,,,,,,,,,,,,,,,,,,,,,,,,나주시 ,117377.0,117377.0,8994.0,10111.0,11390.0,14165.0,17039.0,17538.0,18239.0,11190.0,7475.0,1198.0,38.0,59261.0,59261.0,4619.0,5208.0,5998.0,7302.0,9199.0,9644.0,9503.0,5141.0,2392.0,248.0,7.0,58116.0,58116.0,4375.0,4903.0,5392.0,6863.0,7840.0,7894.0,8736.0,6049.0,5083.0,950.0,31.0,,,,,38140.0,19105.0,60132.0,32.49358903362669,16.2766129650613,51.22979800131201,군산시 ,259980.0,259980.0,16455.0,25605.0,26581.0,26275.0,40779.0,45066.0,41269.0,24089.0,11854.0,1956.0,51.0,131719.0,131719.0,8342.0,13199.0,14795.0,13884.0,21242.0,23886.0,20524.0,11185.0,4232.0,420.0,10.0,128261.0,128261.0,8113.0,12406.0,11786.0,12391.0,19537.0,21180.0,20745.0,12904.0,7622.0,1536.0,41.0,79219.0,42060.0,138701.0,30.471190091545505,16.178167551350104,53.35064235710439,,,,,,,,,,,,,,,,,,,,,,,,,,,,,,,,,,,,,,,,,,,,,,,공주시 ,102104.0,102104.0,4444.0,7880.0,10921.0,8314.0,11937.0,17149.0,20650.0,11779.0,7605.0,1386.0,39.0,50924.0,50924.0,2288.0,4119.0,5754.0,4540.0,6275.0,8843.0,10402.0,5625.0,2715.0,356.0,7.0,51180.0,51180.0,2156.0,3761.0,5167.0,3774.0,5662.0,8306.0,10248.0,6154.0,4890.0,1030.0,32.0,41459.0,12324.0,48321.0,40.60467758364021,12.07004622737601,47.325276188983786,청주시 흥덕구 ,274594.0,274594.0,22190.0,26684.0,38259.0,43860.0,44109.0,44389.0,33390.0,13791.0,6827.0,1071.0,24.0,139804.0,139804.0,11336.0,13703.0,20664.0,23889.0,22458.0,22159.0,16522.0,6467.0,2382.0,219.0,5.0,134790.0,134790.0,10854.0,12981.0,17595.0,19971.0,21651.0,22230.0,16868.0,7324.0,4445.0,852.0,19.0,55103.0,48874.0,170617.0,20.067080853915236,17.79864090256888,62.13427824351589
수원시 영통구 ,363028,363028,30252,40735,54857,61137,65659,57216,33636,12571,6006,929,30,181941,181941,15624,20952,28253,31520,32320,28237,16957,5674,2173,224,7,181087,181087,14628,19783,26604,29617,33339,28979,16679,6897,3833,705,23,,,,,,,,,,53172,70987,238869,14.646804103264763,19.554139074671927,65.7990568220633,태백시 ,38702.0,38702.0,1823.0,3385.0,3053.0,2844.0,5531.0,6860.0,7641.0,4877.0,2441.0,239.0,8.0,19476.0,19476.0,958.0,1757.0,1767.0,1534.0,2904.0,3690.0,3833.0,2116.0,875.0,40.0,2.0,19226.0,19226.0,865.0,1628.0,1286.0,1310.0,2627.0,3170.0,3808.0,2761.0,1566.0,199.0,6.0,15206.0,5208.0,18288.0,39.28995917523642,13.456668905999688,47.25337191876389,창원시 마산회원구 ,179818.0,179818.0,9870.0,16907.0,18182.0,18346.0,27505.0,32545.0,32025.0,17019.0,6653.0,752.0,14.0,89659.0,89659.0,5056.0,8798.0,10028.0,9807.0,14089.0,16256.0,15230.0,7764.0,2480.0,150.0,1.0,90159.0,90159.0,4814.0,8109.0,8154.0,8539.0,13416.0,16289.0,16795.0,9255.0,4173.0,602.0,13.0,,,,,56463.0,26777.0,96578.0,31.40008230544217,14.89116773626667,53.70874995829116,김천시 ,137515.0,137515.0,8635.0,12176.0,12473.0,13607.0,18464.0,22980.0,24452.0,14342.0,8902.0,1441.0,43.0,69082.0,69082.0,4464.0,6586.0,7034.0,7249.0,9654.0,11946.0,12306.0,6583.0,2930.0,325.0,5.0,68433.0,68433.0,4171.0,5590.0,5439.0,6358.0,8810.0,11034.0,12146.0,7759.0,5972.0,1116.0,38.0,,,,,,49180.0,20811.0,67524.0,35.763371268588884,15.133621786714176,49.10300694469694,광주광역시  ,1419237.0,1419237.0,99779.0,147525.0,190905.0,174075.0,227259.0,240674.0,184732.0,99128.0,48185.0,6768.0,207.0,700896.0,700896.0,51028.0,76188.0,99724.0,89847.0,113235.0,119067.0,88343.0,43912.0,18019.0,1516.0,17.0,718341.0,718341.0,48751.0,71337.0,91181.0,84228.0,114024.0,121607.0,96389.0,55216.0,30166.0,5252.0,190.0,339020.0,247304.0,1017645.0,23.88748320400328,17.42513759153686,71.70366894324204,,,,,,,,,,,,,,,,,,,,,,,,,,,,,,,,,,,,,,,,,,,,,,,광양시 ,152666.0,152666.0,11427.0,15663.0,17976.0,18305.0,22862.0,30143.0,21190.0,9025.0,5146.0,898.0,31.0,79892.0,79892.0,5802.0,8027.0,10444.0,9965.0,12059.0,16084.0,11285.0,4373.0,1703.0,149.0,1.0,72774.0,72774.0,5625.0,7636.0,7532.0,8340.0,10803.0,14059.0,9905.0,4652.0,3443.0,749.0,30.0,,,,,36290.0,27090.0,89286.0,23.770846160900263,17.74461897213525,58.48453486696449,익산시 ,270036.0,270036.0,14667.0,25586.0,31983.0,25909.0,37184.0,48019.0,44935.0,25289.0,14065.0,2350.0,49.0,134381.0,134381.0,7432.0,13143.0,17418.0,13633.0,19026.0,24362.0,22335.0,11684.0,4843.0,501.0,4.0,135655.0,135655.0,7235.0,12443.0,14565.0,12276.0,18158.0,23657.0,22600.0,13605.0,9222.0,1849.0,45.0,86688.0,40253.0,143095.0,32.10238634848687,14.906530981054376,52.99108267045875,,,,,,,,,,,,,,,,,,,,,,,,,,,,,,,,,,,,,,,,,,,,,,,보령시 ,95772.0,95772.0,4822.0,7615.0,7974.0,8068.0,12455.0,16428.0,18746.0,11551.0,6948.0,1135.0,30.0,48494.0,48494.0,2420.0,3966.0,4545.0,4496.0,6786.0,8823.0,9392.0,5277.0,2504.0,280.0,5.0,47278.0,47278.0,2402.0,3649.0,3429.0,3572.0,5669.0,7605.0,9354.0,6274.0,4444.0,855.0,25.0,38410.0,12437.0,44925.0,40.10566762728146,12.986050202564424,46.90828217015412,청주시 청원구 ,190718.0,190718.0,15675.0,19791.0,24117.0,28039.0,32339.0,28608.0,23683.0,11143.0,6373.0,930.0,20.0,98213.0,98213.0,8043.0,10158.0,13452.0,15610.0,17075.0,14658.0,11732.0,5113.0,2176.0,196.0,0.0,92505.0,92505.0,7632.0,9633.0,10665.0,12429.0,15264.0,13950.0,11951.0,6030.0,4197.0,734.0,20.0,42149.0,35466.0,113103.0,22.100168835663126,18.59604232426934,59.30378884006754
성남시 ,919747,919747,60026,83353,116584,134145,147372,154797,126893,62339,29497,4602,139,455137,455137,30487,42599,59731,68888,73058,77007,62064,28486,11615,1167,35,464610,464610,29539,40754,56853,65257,74314,77790,64829,33853,17882,3435,104,,,,,,,,,,223470,143379,552898,24.296899038539944,15.588960877284732,60.114140084175325,속초시 ,82054.0,82054.0,5063.0,6826.0,8130.0,8946.0,11671.0,14927.0,14827.0,7248.0,3797.0,609.0,10.0,40620.0,40620.0,2602.0,3468.0,4605.0,4939.0,5829.0,7339.0,7143.0,3196.0,1370.0,125.0,4.0,41434.0,41434.0,2461.0,3358.0,3525.0,4007.0,5842.0,7588.0,7684.0,4052.0,2427.0,484.0,6.0,26491.0,11889.0,43674.0,32.28483681478051,14.489238793964953,53.225924391254544,창원시 진해구 ,191225.0,191225.0,14780.0,21524.0,19047.0,22759.0,35298.0,30871.0,26307.0,13455.0,6311.0,861.0,12.0,98295.0,98295.0,7677.0,11141.0,11020.0,12211.0,18462.0,16260.0,12862.0,6211.0,2264.0,186.0,1.0,92930.0,92930.0,7103.0,10383.0,8027.0,10548.0,16836.0,14611.0,13445.0,7244.0,4047.0,675.0,11.0,,,,,46946.0,36304.0,107975.0,24.55013727284612,18.98496535494836,56.46489737220551,안동시 ,152935.0,152935.0,8460.0,12906.0,14966.0,13941.0,20258.0,25529.0,27189.0,17124.0,10850.0,1677.0,35.0,75538.0,75538.0,4372.0,6802.0,8059.0,7405.0,10299.0,13291.0,13444.0,7720.0,3787.0,355.0,4.0,77397.0,77397.0,4088.0,6104.0,6907.0,6536.0,9959.0,12238.0,13745.0,9404.0,7063.0,1322.0,31.0,,,,,,56875.0,21366.0,74694.0,37.1890018635368,13.970641122045311,48.84035701441789,대전광역시  ,1442216.0,1442216.0,96727.0,137836.0,199228.0,187965.0,220131.0,243258.0,202026.0,99140.0,48573.0,7121.0,211.0,719292.0,719292.0,49790.0,71227.0,104190.0,99375.0,109916.0,121334.0,97866.0,45677.0,18132.0,1753.0,32.0,722924.0,722924.0,46937.0,66609.0,95038.0,88590.0,110215.0,121924.0,104160.0,53463.0,30441.0,5368.0,179.0,357071.0,234563.0,1052608.0,24.758496646826828,16.264068627722892,72.98546126239064,,,,,,,,,,,,,,,,,,,,,,,,,,,,,,,,,,,,,,,,,,,,,,,담양군 ,45373.0,45373.0,1973.0,2912.0,3831.0,3355.0,4763.0,7977.0,9429.0,6032.0,4403.0,664.0,34.0,22961.0,22961.0,977.0,1501.0,2221.0,1729.0,2641.0,4408.0,5040.0,2848.0,1446.0,147.0,3.0,22412.0,22412.0,996.0,1411.0,1610.0,1626.0,2122.0,3569.0,4389.0,3184.0,2957.0,517.0,31.0,,,,,20562.0,4885.0,19926.0,45.31769995371697,10.766314768695038,43.91598527758799,정읍시 ,103620.0,103620.0,4975.0,8616.0,9275.0,7822.0,12900.0,18132.0,18761.0,12570.0,8965.0,1557.0,47.0,51624.0,51624.0,2553.0,4532.0,5202.0,4150.0,6762.0,9776.0,9625.0,5672.0,3026.0,319.0,7.0,51996.0,51996.0,2422.0,4084.0,4073.0,3672.0,6138.0,8356.0,9136.0,6898.0,5939.0,1238.0,40.0,41900.0,13591.0,48129.0,40.43620922601814,13.116193784983594,46.44759698899826,,,,,,,,,,,,,,,,,,,,,,,,,,,,,,,,,,,,,,,,,,,,,,,아산시 ,345796.0,345796.0,30810.0,38366.0,38027.0,50783.0,62699.0,53020.0,39436.0,19766.0,11101.0,1743.0,45.0,180223.0,180223.0,15910.0,19686.0,21269.0,27109.0,33817.0,28747.0,20193.0,9057.0,4040.0,388.0,7.0,165573.0,165573.0,14900.0,18680.0,16758.0,23674.0,28882.0,24273.0,19243.0,10709.0,7061.0,1355.0,38.0,72091.0,69176.0,204529.0,20.84784092,20.00485835579359,59.147300720656105,충주시 ,207778.0,207778.0,12215.0,17874.0,21773.0,22423.0,29047.0,36566.0,36466.0,18432.0,11272.0,1667.0,43.0,105420.0,105420.0,6195.0,9278.0,12415.0,12567.0,14968.0,18712.0,18428.0,8411.0,4058.0,379.0,9.0,102358.0,102358.0,6020.0,8596.0,9358.0,9856.0,14079.0,17854.0,18038.0,10021.0,7214.0,1288.0,34.0,67880.0,30089.0,109809.0,32.66948377595318,14.481321410351434,52.84919481369539
성남시 수정구 ,235942,235942,14310,16448,30868,36087,35299,39498,36360,18348,7704,987,33,119496,119496,7186,8392,16265,19290,18681,20294,17907,8345,2903,230,3,116446,116446,7124,8056,14603,16797,16618,19204,18453,10003,4801,757,30,,,,,,,,,,63432,30758,141752,26.88457332734316,13.03625467275856,60.079171999898286,삼척시 ,62651.0,62651.0,3196.0,4806.0,6589.0,4898.0,7831.0,10760.0,12185.0,7202.0,4440.0,722.0,22.0,31822.0,31822.0,1626.0,2481.0,3745.0,2648.0,4206.0,5944.0,6190.0,3365.0,1461.0,155.0,1.0,30829.0,30829.0,1570.0,2325.0,2844.0,2250.0,3625.0,4816.0,5995.0,3837.0,2979.0,567.0,21.0,24571.0,8002.0,30078.0,39.21884726500774,12.77234202167563,48.00881071331663,진주시 ,341074.0,341074.0,23456.0,33860.0,40929.0,38981.0,50492.0,57815.0,51546.0,27510.0,14343.0,2091.0,51.0,168392.0,168392.0,12076.0,17709.0,22428.0,20528.0,24905.0,28602.0,24739.0,12252.0,4748.0,400.0,5.0,172682.0,172682.0,11380.0,16151.0,18501.0,18453.0,25587.0,29213.0,26807.0,15258.0,9595.0,1691.0,46.0,,,,,95541.0,57316.0,188217.0,28.01180975389505,16.804564405378304,55.18362584072665,구미시 ,405506.0,405506.0,32574.0,43706.0,49373.0,58854.0,71465.0,71204.0,49085.0,18473.0,9337.0,1394.0,41.0,209131.0,209131.0,16682.0,22719.0,28537.0,31770.0,36364.0,35901.0,25319.0,8561.0,3002.0,274.0,2.0,196375.0,196375.0,15892.0,20987.0,20836.0,27084.0,35101.0,35303.0,23766.0,9912.0,6335.0,1120.0,39.0,,,,,,78330.0,76280.0,250896.0,19.31660690593974,18.811065680902377,61.87232741315788,울산광역시  ,1103661.0,1103661.0,79086.0,109462.0,122522.0,136909.0,178114.0,204814.0,169307.0,71586.0,28057.0,3725.0,79.0,567153.0,567153.0,40621.0,57056.0,69651.0,74334.0,91773.0,102900.0,85401.0,34534.0,10146.0,728.0,9.0,536508.0,536508.0,38465.0,52406.0,52871.0,62575.0,86341.0,101914.0,83906.0,37052.0,17911.0,2997.0,70.0,272754.0,188548.0,811666.0,24.7135669376738,17.083869050369632,73.54305352821201,,,,,,,,,,,,,,,,,,,,,,,,,,,,,,,,,,,,,,,,,,,,,,,곡성군 ,26905.0,26905.0,786.0,1644.0,2029.0,1539.0,2588.0,4630.0,5709.0,3942.0,3399.0,624.0,15.0,13375.0,13375.0,392.0,907.0,1134.0,819.0,1418.0,2585.0,3093.0,1822.0,1071.0,133.0,1.0,13530.0,13530.0,394.0,737.0,895.0,720.0,1170.0,2045.0,2616.0,2120.0,2328.0,491.0,14.0,,,,,13689.0,2430.0,10786.0,50.8790187697454,9.031778479836465,40.08920275041814,남원시 ,76781.0,76781.0,3837.0,6591.0,6347.0,5597.0,9090.0,13565.0,14160.0,9580.0,6869.0,1106.0,39.0,37674.0,37674.0,2009.0,3428.0,3553.0,2886.0,4570.0,7219.0,7170.0,4368.0,2232.0,230.0,9.0,39107.0,39107.0,1828.0,3163.0,2794.0,2711.0,4520.0,6346.0,6990.0,5212.0,4637.0,876.0,30.0,31754.0,10428.0,34599.0,41.35658561362837,13.581485002800171,45.06192938357146,,,,,,,,,,,,,,,,,,,,,,,,,,,,,,,,,,,,,,,,,,,,,,,서산시 ,176011.0,176011.0,12756.0,17021.0,17500.0,20495.0,26985.0,29821.0,26085.0,14523.0,9119.0,1663.0,43.0,92112.0,92112.0,6518.0,8868.0,10670.0,11690.0,14332.0,16030.0,13264.0,7039.0,3323.0,375.0,3.0,83899.0,83899.0,6238.0,8153.0,6830.0,8805.0,12653.0,13791.0,12821.0,7484.0,5796.0,1288.0,40.0,51433.0,29777.0,94801.0,29.221469112725917,16.917692644209737,53.86083824306436,제천시 ,130194.0,130194.0,7044.0,11184.0,14011.0,11587.0,16373.0,23038.0,25119.0,13326.0,7515.0,969.0,28.0,65456.0,65456.0,3643.0,5734.0,7772.0,6289.0,8398.0,11855.0,12516.0,6278.0,2762.0,204.0,5.0,64738.0,64738.0,3401.0,5450.0,6239.0,5298.0,7975.0,11183.0,12603.0,7048.0,4753.0,765.0,23.0,46957.0,18228.0,65009.0,36.06694624944314,14.00064519102263,49.93240855953424
성남시 중원구 ,210848,210848,12044,14868,27048,32100,31091,35761,33744,16299,7015,849,29,106515,106515,6048,7669,14036,17346,16367,18060,16604,7498,2701,177,9,104333,104333,5996,7199,13012,14754,14724,17701,17140,8801,4314,672,20,,,,,,,,,,57936,26912,126000,27.477614205494007,12.7636970708757,59.75868872363029,홍천군 ,67309.0,67309.0,3193.0,4544.0,5752.0,5544.0,7349.0,11419.0,15943.0,7877.0,4897.0,768.0,23.0,34655.0,34655.0,1624.0,2304.0,3433.0,3084.0,3930.0,6065.0,8314.0,3945.0,1795.0,156.0,5.0,32654.0,32654.0,1569.0,2240.0,2319.0,2460.0,3419.0,5354.0,7629.0,3932.0,3102.0,612.0,18.0,29508.0,7737.0,30064.0,43.83960540195219,11.494748102036874,44.665646496010936,통영시 ,120551.0,120551.0,6657.0,12388.0,9231.0,10226.0,19387.0,21778.0,22314.0,12196.0,5637.0,724.0,13.0,60517.0,60517.0,3347.0,6382.0,5252.0,5249.0,10205.0,11466.0,10924.0,5687.0,1879.0,126.0,0.0,60034.0,60034.0,3310.0,6006.0,3979.0,4977.0,9182.0,10312.0,11390.0,6509.0,3758.0,598.0,13.0,,,,,40884.0,19045.0,60622.0,33.91427694502742,15.798292838715565,50.28743021625702,영주시 ,100199.0,100199.0,4901.0,8784.0,8941.0,7577.0,12347.0,17184.0,19221.0,12323.0,7708.0,1181.0,32.0,49730.0,49730.0,2544.0,4652.0,5116.0,4179.0,6304.0,8918.0,9395.0,5600.0,2756.0,260.0,6.0,50469.0,50469.0,2357.0,4132.0,3825.0,3398.0,6043.0,8266.0,9826.0,6723.0,4952.0,921.0,26.0,,,,,,40465.0,13685.0,46049.0,40.38463457719139,13.65782093633669,45.95754448647192,세종특별자치시  ,386525.0,386525.0,43541.0,50736.0,37810.0,59340.0,77183.0,54433.0,37233.0,16478.0,8234.0,1494.0,43.0,192524.0,192524.0,22122.0,25585.0,19199.0,29268.0,38244.0,28501.0,18533.0,7793.0,2972.0,302.0,5.0,194001.0,194001.0,21419.0,25151.0,18611.0,30072.0,38939.0,25932.0,18700.0,8685.0,5262.0,1192.0,38.0,63482.0,94277.0,265999.0,16.42377595239635,24.390919086734364,68.81805834034022,,,,,,,,,,,,,,,,,,,,,,,,,,,,,,,,,,,,,,,,,,,,,,,구례군 ,24314.0,24314.0,832.0,1608.0,1600.0,1339.0,2388.0,4411.0,5214.0,3592.0,2875.0,447.0,8.0,11890.0,11890.0,404.0,834.0,915.0,663.0,1279.0,2438.0,2722.0,1640.0,904.0,90.0,1.0,12424.0,12424.0,428.0,774.0,685.0,676.0,1109.0,1973.0,2492.0,1952.0,1971.0,357.0,7.0,,,,,12136.0,2440.0,9738.0,49.91363000740314,10.035370568396807,40.05099942420005,김제시 ,81430.0,81430.0,3610.0,5810.0,6941.0,6276.0,9157.0,13334.0,16006.0,10906.0,7832.0,1512.0,46.0,40631.0,40631.0,1851.0,3008.0,3921.0,3292.0,5063.0,7446.0,8201.0,4956.0,2564.0,321.0,8.0,40799.0,40799.0,1759.0,2802.0,3020.0,2984.0,4094.0,5888.0,7805.0,5950.0,5268.0,1191.0,38.0,36302.0,9420.0,35708.0,44.58062139260714,11.568218101436816,43.85116050595604,,,,,,,,,,,,,,,,,,,,,,,,,,,,,,,,,,,,,,,,,,,,,,,논산시 ,110423.0,110423.0,5609.0,8866.0,9673.0,9286.0,13454.0,18684.0,21728.0,12981.0,8602.0,1505.0,35.0,55187.0,55187.0,2880.0,4584.0,5414.0,4997.0,7126.0,9819.0,11075.0,6005.0,2927.0,354.0,6.0,55236.0,55236.0,2729.0,4282.0,4259.0,4289.0,6328.0,8865.0,10653.0,6976.0,5675.0,1151.0,29.0,44851.0,14475.0,51097.0,40.61744382963694,13.108682068047417,46.273874102315645,보은군 ,31010.0,31010.0,1109.0,1875.0,1951.0,1838.0,2862.0,5276.0,7650.0,4499.0,3327.0,615.0,8.0,15671.0,15671.0,575.0,1004.0,1150.0,1014.0,1586.0,2903.0,4009.0,2168.0,1129.0,131.0,2.0,15339.0,15339.0,534.0,871.0,801.0,824.0,1276.0,2373.0,3641.0,2331.0,2198.0,484.0,6.0,16099.0,2984.0,11927.0,51.91551113,9.622702354,38.46178652047726
성남시 분당구 ,472957,472957,33672,52037,58668,65958,80982,79538,56789,27692,14778,2766,77,229126,229126,17253,26538,29430,32252,38010,38653,27553,12643,6011,760,23,243831,243831,16419,25499,29238,33706,42972,40885,29236,15049,8767,2006,54,,,,,,,,,,102102,85709,285146,21.5880090579059,18.121943432489637,60.29004750960447,횡성군 ,46359.0,46359.0,1873.0,3349.0,3165.0,3007.0,4659.0,8140.0,11782.0,6090.0,3710.0,564.0,20.0,23826.0,23826.0,994.0,1767.0,1801.0,1645.0,2540.0,4325.0,6142.0,3093.0,1411.0,106.0,2.0,22533.0,22533.0,879.0,1582.0,1364.0,1362.0,2119.0,3815.0,5640.0,2997.0,2299.0,458.0,18.0,22166.0,5222.0,18971.0,47.81380098794193,11.264263681270087,40.92193533078798,사천시 ,109030.0,109030.0,6459.0,10113.0,9646.0,10399.0,16593.0,18971.0,18267.0,11125.0,6417.0,1024.0,16.0,55139.0,55139.0,3317.0,5229.0,5862.0,5767.0,8682.0,10110.0,8999.0,4921.0,2071.0,179.0,2.0,53891.0,53891.0,3142.0,4884.0,3784.0,4632.0,7911.0,8861.0,9268.0,6204.0,4346.0,845.0,14.0,,,,,36849.0,16572.0,55609.0,33.79712005869944,15.199486379895442,51.00339356140512,영천시 ,100212.0,100212.0,4975.0,6291.0,8239.0,8640.0,11548.0,17716.0,20593.0,13196.0,7900.0,1099.0,15.0,51137.0,51137.0,2538.0,3303.0,4939.0,4723.0,6398.0,9544.0,10631.0,6185.0,2631.0,244.0,1.0,49075.0,49075.0,2437.0,2988.0,3300.0,3917.0,5150.0,8172.0,9962.0,7011.0,5269.0,855.0,14.0,,,,,,42803.0,11266.0,46143.0,42.71244960683352,11.242166606793598,46.04538378637289,경기도  ,13630821.0,13630821.0,989550.0,1320631.0,1682138.0,1878734.0,2256931.0,2335999.0,1831793.0,847103.0,423029.0,63061.0,1852.0,6855895.0,6855895.0,506358.0,675747.0,885110.0,979572.0,1150795.0,1177701.0,914132.0,391368.0,159419.0,15304.0,389.0,6774926.0,6774926.0,483192.0,644884.0,797028.0,899162.0,1106136.0,1158298.0,917661.0,455735.0,263610.0,47757.0,1463.0,3166838.0,2310181.0,9985595.0,23.232921920110314,16.948216105251472,73.25747289910124,,,,,,,,,,,,,,,,,,,,,,,,,,,,,,,,,,,,,,,,,,,,,,,고흥군 ,61113.0,61113.0,2052.0,3391.0,3491.0,3162.0,5444.0,9517.0,13458.0,10909.0,8123.0,1513.0,53.0,29893.0,29893.0,1015.0,1800.0,2027.0,1706.0,3077.0,5473.0,6935.0,4913.0,2634.0,307.0,6.0,31220.0,31220.0,1037.0,1591.0,1464.0,1456.0,2367.0,4044.0,6523.0,5996.0,5489.0,1206.0,47.0,,,,,34056.0,5443.0,21614.0,55.726277551421134,8.906451982393271,35.36727046618559,완주군 ,97827.0,97827.0,6197.0,8651.0,9158.0,10461.0,13648.0,16470.0,16739.0,9519.0,5962.0,994.0,28.0,50192.0,50192.0,3109.0,4484.0,5107.0,5464.0,7321.0,9022.0,8786.0,4659.0,2030.0,207.0,3.0,47635.0,47635.0,3088.0,4167.0,4051.0,4997.0,6327.0,7448.0,7953.0,4860.0,3932.0,787.0,25.0,33242.0,14848.0,49737.0,33.98039396076748,15.177813895959194,50.84179214327334,,,,,,,,,,,,,,,,,,,,,,,,,,,,,,,,,,,,,,,,,,,,,,,계룡시 ,46667.0,46667.0,3768.0,6278.0,4907.0,5418.0,8493.0,8055.0,5737.0,2535.0,1253.0,215.0,8.0,23294.0,23294.0,1906.0,3285.0,2751.0,2798.0,4118.0,4038.0,2722.0,1223.0,410.0,41.0,2.0,23373.0,23373.0,1862.0,2993.0,2156.0,2620.0,4375.0,4017.0,3015.0,1312.0,843.0,174.0,6.0,9748.0,10046.0,26873.0,20.88842222555553,21.52698909293505,57.584588681509416,옥천군 ,48891.0,48891.0,1945.0,3594.0,3761.0,3219.0,5569.0,8547.0,10846.0,6534.0,4151.0,704.0,21.0,24718.0,24718.0,1022.0,1890.0,2170.0,1696.0,2936.0,4557.0,5657.0,3179.0,1432.0,176.0,3.0,24173.0,24173.0,923.0,1704.0,1591.0,1523.0,2633.0,3990.0,5189.0,3355.0,2719.0,528.0,18.0,22256.0,5539.0,21096.0,45.521670655130805,11.329283508212146,43.14904583665705
의정부시 ,464213,464213,30270,40369,59680,60343,71137,82385,67316,33275,17101,2263,74,228163,228163,15664,20658,30004,30993,36201,40306,32560,14746,6460,559,12,236050,236050,14606,19711,29676,29350,34936,42079,34756,18529,10641,1704,62,,,,,,,,,,120029,70639,273545,25.856449517786015,15.216937052603008,58.926613429610974,영월군 ,37332.0,37332.0,1420.0,2576.0,2799.0,2368.0,4034.0,6788.0,8875.0,5008.0,3034.0,420.0,10.0,19318.0,19318.0,751.0,1447.0,1587.0,1291.0,2148.0,3736.0,4765.0,2407.0,1088.0,95.0,3.0,18014.0,18014.0,669.0,1129.0,1212.0,1077.0,1886.0,3052.0,4110.0,2601.0,1946.0,325.0,7.0,17347.0,3996.0,15989.0,46.46683810136077,10.703953712632591,42.829208186006646,김해시 ,533659.0,533659.0,39679.0,59421.0,60080.0,63334.0,91804.0,102716.0,71142.0,29877.0,13817.0,1754.0,35.0,269755.0,269755.0,20507.0,30468.0,33048.0,33134.0,45884.0,51694.0,36598.0,13573.0,4515.0,330.0,4.0,263904.0,263904.0,19172.0,28953.0,27032.0,30200.0,45920.0,51022.0,34544.0,16304.0,9302.0,1424.0,31.0,,,,,116625.0,99100.0,317934.0,21.853842997119884,18.56991074824935,59.576246254630775,상주시 ,93858.0,93858.0,4282.0,7215.0,6898.0,6501.0,10345.0,15483.0,19811.0,12614.0,9114.0,1549.0,46.0,46166.0,46166.0,2218.0,3780.0,4013.0,3498.0,5456.0,8204.0,10018.0,5725.0,2949.0,304.0,1.0,47692.0,47692.0,2064.0,3435.0,2885.0,3003.0,4889.0,7279.0,9793.0,6889.0,6165.0,1245.0,45.0,,,,,,43134.0,11497.0,39227.0,45.956657930064566,12.249355409235228,41.793986660700206,강원특별자치도  ,1527807.0,1527807.0,90872.0,129053.0,163610.0,158594.0,208819.0,262513.0,275323.0,141876.0,84135.0,12622.0,390.0,768449.0,768449.0,46463.0,66935.0,91639.0,84692.0,106310.0,135485.0,138020.0,65495.0,30543.0,2775.0,92.0,759358.0,759358.0,44409.0,62118.0,71971.0,73902.0,102509.0,127028.0,137303.0,76381.0,53592.0,9847.0,298.0,514346.0,219925.0,1068859.0,33.66563970449147,14.394815575527536,69.96034184946134,,,,,,,,,,,,,,,,,,,,,,,,,,,,,,,,,,,,,,,,,,,,,,,보성군 ,37686.0,37686.0,1253.0,2289.0,2356.0,2051.0,3436.0,6118.0,8068.0,6116.0,5073.0,896.0,30.0,18465.0,18465.0,652.0,1171.0,1345.0,1134.0,1906.0,3510.0,4207.0,2775.0,1576.0,185.0,4.0,19221.0,19221.0,601.0,1118.0,1011.0,917.0,1530.0,2608.0,3861.0,3341.0,3497.0,711.0,26.0,,,,,20183.0,3542.0,13961.0,53.55569707583718,9.39871570344425,37.045587220718566,진안군 ,24465.0,24465.0,926.0,1559.0,1622.0,1396.0,2223.0,4269.0,5588.0,3711.0,2701.0,455.0,15.0,12497.0,12497.0,471.0,819.0,936.0,681.0,1272.0,2426.0,3047.0,1821.0,933.0,90.0,1.0,11968.0,11968.0,455.0,740.0,686.0,715.0,951.0,1843.0,2541.0,1890.0,1768.0,365.0,14.0,12470.0,2485.0,9510.0,50.97077457592479,10.15736766809728,38.87185775597793,,,,,,,,,,,,,,,,,,,,,,,,,,,,,,,,,,,,,,,,,,,,,,,당진시 ,170302.0,170302.0,12987.0,16497.0,14828.0,20560.0,28001.0,28202.0,25079.0,13800.0,8903.0,1404.0,41.0,90987.0,90987.0,6635.0,8563.0,8806.0,11795.0,15734.0,16008.0,13159.0,6676.0,3254.0,355.0,2.0,79315.0,79315.0,6352.0,7934.0,6022.0,8765.0,12267.0,12194.0,11920.0,7124.0,5649.0,1049.0,39.0,49227.0,29484.0,91591.0,28.905708682223345,17.312773778346703,53.78151753942996,영동군 ,44195.0,44195.0,1624.0,2920.0,3306.0,2640.0,4374.0,7841.0,10237.0,6337.0,4298.0,602.0,16.0,22146.0,22146.0,832.0,1515.0,1864.0,1451.0,2348.0,4250.0,5285.0,2932.0,1531.0,138.0,0.0,22049.0,22049.0,792.0,1405.0,1442.0,1189.0,2026.0,3591.0,4952.0,3405.0,2767.0,464.0,16.0,21490.0,4544.0,18161.0,48.62541011426632,10.281706075347891,41.092883810385786
안양시 ,544660,544660,35412,48471,68147,78448,82828,95037,81458,35598,16541,2664,56,268911,268911,18001,25035,35284,40495,41262,45970,39486,16693,6064,613,8,275749,275749,17411,23436,32863,37953,41566,49067,41972,18905,10477,2051,48,,,,,,,,,,136317,83883,324460,25.02790731832703,15.400984100172584,59.57110858150039,평창군 ,40659.0,40659.0,1413.0,2623.0,3034.0,2690.0,4496.0,7609.0,10046.0,5322.0,2999.0,410.0,17.0,21056.0,21056.0,674.0,1401.0,1835.0,1485.0,2426.0,4096.0,5313.0,2582.0,1157.0,84.0,3.0,19603.0,19603.0,739.0,1222.0,1199.0,1205.0,2070.0,3513.0,4733.0,2740.0,1842.0,326.0,14.0,18794.0,4036.0,17829.0,46.22346835878895,9.92646154602917,43.85007009518189,밀양시 ,102084.0,102084.0,4468.0,7302.0,7587.0,7855.0,12018.0,17551.0,22777.0,13608.0,7796.0,1107.0,15.0,50356.0,50356.0,2290.0,3819.0,4383.0,4229.0,6379.0,8978.0,11298.0,6245.0,2515.0,218.0,2.0,51728.0,51728.0,2178.0,3483.0,3204.0,3626.0,5639.0,8573.0,11479.0,7363.0,5281.0,889.0,13.0,,,,,45303.0,11770.0,45011.0,44.378159163042206,11.529720622232672,44.09212021472513,문경시 ,68755.0,68755.0,3241.0,5160.0,5438.0,4958.0,7841.0,11285.0,14359.0,9325.0,6192.0,923.0,33.0,33775.0,33775.0,1667.0,2798.0,3055.0,2625.0,4135.0,5910.0,7175.0,4181.0,2028.0,197.0,4.0,34980.0,34980.0,1574.0,2362.0,2383.0,2333.0,3706.0,5375.0,7184.0,5144.0,4164.0,726.0,29.0,,,,,,30832.0,8401.0,29522.0,44.84328412479092,12.218747727438004,42.93796814777107,충청북도  ,1593469.0,1593469.0,103333.0,144446.0,181676.0,187761.0,230702.0,272450.0,257982.0,128433.0,75249.0,11181.0,256.0,810448.0,810448.0,52921.0,74720.0,100616.0,102774.0,119606.0,140085.0,130480.0,60151.0,26651.0,2404.0,40.0,783021.0,783021.0,50412.0,69726.0,81060.0,84987.0,111096.0,132365.0,127502.0,68282.0,48598.0,8777.0,216.0,473101.0,247779.0,1130571.0,29.690003382557173,15.549659265414013,70.95029774661447,,,,,,,,,,,,,,,,,,,,,,,,,,,,,,,,,,,,,,,,,,,,,,,화순군 ,61254.0,61254.0,2728.0,5099.0,6180.0,4530.0,7074.0,11231.0,11136.0,7073.0,5404.0,781.0,18.0,30322.0,30322.0,1415.0,2664.0,3284.0,2336.0,3620.0,6026.0,5965.0,3151.0,1697.0,163.0,1.0,30932.0,30932.0,1313.0,2435.0,2896.0,2194.0,3454.0,5205.0,5171.0,3922.0,3707.0,618.0,17.0,,,,,24412.0,7827.0,29015.0,39.85372383844321,12.77794103242237,47.36833512913442,무주군 ,23251.0,23251.0,852.0,1708.0,1528.0,1454.0,2485.0,4024.0,5030.0,3172.0,2581.0,400.0,17.0,11629.0,11629.0,453.0,862.0,855.0,783.0,1361.0,2260.0,2668.0,1421.0,873.0,91.0,2.0,11622.0,11622.0,399.0,846.0,673.0,671.0,1124.0,1764.0,2362.0,1751.0,1708.0,309.0,15.0,11200.0,2560.0,9491.0,48.16997118403509,11.01027912777945,40.81974968818545,,,,,,,,,,,,,,,,,,,,,,,,,,,,,,,,,,,,,,,,,,,,,,,금산군 ,50093.0,50093.0,1900.0,4043.0,3392.0,3136.0,5480.0,8817.0,11076.0,6863.0,4657.0,707.0,22.0,25355.0,25355.0,931.0,2136.0,1952.0,1667.0,2987.0,4851.0,5823.0,3248.0,1577.0,180.0,3.0,24738.0,24738.0,969.0,1907.0,1440.0,1469.0,2493.0,3966.0,5253.0,3615.0,3080.0,527.0,19.0,23325.0,5943.0,20825.0,46.56339209071128,11.86393308,41.57267482482583,증평군 ,37484.0,37484.0,2633.0,3381.0,4251.0,4545.0,5506.0,6309.0,5879.0,3004.0,1735.0,237.0,4.0,19523.0,19523.0,1355.0,1791.0,2452.0,2565.0,3006.0,3303.0,2980.0,1420.0,604.0,46.0,1.0,17961.0,17961.0,1278.0,1590.0,1799.0,1980.0,2500.0,3006.0,2899.0,1584.0,1131.0,191.0,3.0,10859.0,6014.0,20611.0,28.969693735994024,16.044178849642517,54.98612741436346
안양시 만안구 ,230664,230664,13243,16611,29339,32527,32303,40752,38331,18024,8297,1210,27,115122,115122,6628,8645,15276,17209,16851,19937,18711,8485,3098,282,0,115542,115542,6615,7966,14063,15318,15452,20815,19620,9539,5199,928,27,,,,,,,,,,65889,29854,134921,28.56492560607637,12.94263517497312,58.49243921895051,정선군 ,34202.0,34202.0,1315.0,2239.0,2291.0,2316.0,4174.0,6336.0,8139.0,4449.0,2575.0,350.0,18.0,17844.0,17844.0,653.0,1144.0,1349.0,1304.0,2361.0,3606.0,4353.0,2065.0,929.0,74.0,6.0,16358.0,16358.0,662.0,1095.0,942.0,1012.0,1813.0,2730.0,3786.0,2384.0,1646.0,276.0,12.0,15531.0,3554.0,15117.0,45.40962516811882,10.39120519267879,44.19916963920238,거제시 ,234038.0,234038.0,18932.0,28353.0,20126.0,26157.0,46089.0,43042.0,31511.0,13042.0,5804.0,960.0,22.0,122542.0,122542.0,9794.0,14739.0,11563.0,13545.0,24699.0,23592.0,16109.0,6385.0,1932.0,180.0,4.0,111496.0,111496.0,9138.0,13614.0,8563.0,12612.0,21390.0,19450.0,15402.0,6657.0,3872.0,780.0,18.0,,,,,51339.0,47285.0,135414.0,21.93618130389082,20.203983968415383,57.859834727693794,경산시 ,266205.0,266205.0,16781.0,22718.0,35159.0,30931.0,39488.0,46646.0,40118.0,21707.0,11187.0,1436.0,34.0,133847.0,133847.0,8543.0,11619.0,19330.0,16940.0,20261.0,23281.0,19806.0,9785.0,3955.0,326.0,1.0,132358.0,132358.0,8238.0,11099.0,15829.0,13991.0,19227.0,23365.0,20312.0,11922.0,7232.0,1110.0,33.0,,,,,,74482.0,39499.0,152224.0,27.979188970905884,14.837812963693397,57.18299806540072,충청남도  ,2130119.0,2130119.0,143771.0,202057.0,225658.0,251099.0,323996.0,350093.0,325082.0,178624.0,110575.0,18670.0,494.0,1091570.0,1091570.0,73713.0,104493.0,125506.0,136399.0,172380.0,185944.0,165155.0,84068.0,39366.0,4478.0,68.0,1038549.0,1038549.0,70058.0,97564.0,100152.0,114700.0,151616.0,164149.0,159927.0,94556.0,71209.0,14192.0,426.0,633445.0,345828.0,1475928.0,29.73754048482737,16.23514930386518,69.2885233172419,,,,,,,,,,,,,,,,,,,,,,,,,,,,,,,,,,,,,,,,,,,,,,,장흥군 ,35046.0,35046.0,1481.0,2439.0,2492.0,2270.0,3535.0,5881.0,7044.0,5065.0,4102.0,719.0,18.0,17121.0,17121.0,736.0,1275.0,1424.0,1192.0,1981.0,3236.0,3570.0,2290.0,1279.0,133.0,5.0,17925.0,17925.0,745.0,1164.0,1068.0,1078.0,1554.0,2645.0,3474.0,2775.0,2823.0,586.0,13.0,,,,,16948.0,3920.0,14178.0,48.35929920675683,11.185299320892542,40.45540147235063,장수군 ,20983.0,20983.0,818.0,1554.0,1362.0,1203.0,2148.0,3573.0,4456.0,3144.0,2355.0,359.0,11.0,10535.0,10535.0,421.0,806.0,792.0,621.0,1212.0,1997.0,2333.0,1509.0,744.0,99.0,1.0,10448.0,10448.0,397.0,748.0,570.0,582.0,936.0,1576.0,2123.0,1635.0,1611.0,260.0,10.0,10325.0,2372.0,8286.0,49.20650050040509,11.304389267502264,39.48911023209264,,,,,,,,,,,,,,,,,,,,,,,,,,,,,,,,,,,,,,,,,,,,,,,부여군 ,61046.0,61046.0,2155.0,4072.0,4313.0,3648.0,6110.0,9763.0,13854.0,9238.0,6625.0,1238.0,30.0,30417.0,30417.0,1135.0,2169.0,2500.0,1970.0,3353.0,5233.0,7011.0,4352.0,2370.0,321.0,3.0,30629.0,30629.0,1020.0,1903.0,1813.0,1678.0,2757.0,4530.0,6843.0,4886.0,4255.0,917.0,27.0,30985.0,6227.0,23834.0,50.75680634275792,10.20050453756184,39.04268911968024,진천군 ,86254.0,86254.0,6555.0,8456.0,8641.0,10900.0,14292.0,14458.0,12531.0,5964.0,3858.0,592.0,7.0,45652.0,45652.0,3434.0,4389.0,5040.0,6139.0,7802.0,7974.0,6578.0,2847.0,1321.0,126.0,2.0,40602.0,40602.0,3121.0,4067.0,3601.0,4761.0,6490.0,6484.0,5953.0,3117.0,2537.0,466.0,5.0,22952.0,15011.0,48291.0,26.609780415980712,17.403250863728058,55.98696872029123
안양시 동안구 ,313996,313996,22169,31860,38808,45921,50525,54285,43127,17574,8244,1454,29,153789,153789,11373,16390,20008,23286,24411,26033,20775,8208,2966,331,8,160207,160207,10796,15470,18800,22635,26114,28252,22352,9366,5278,1123,21,,,,,,,,,,70428,54029,189539,22.429585090255927,17.20690709435789,60.363507815386185,철원군 ,41448.0,41448.0,2659.0,3283.0,4532.0,4259.0,4890.0,6617.0,7708.0,4369.0,2749.0,368.0,14.0,21478.0,21478.0,1343.0,1725.0,2881.0,2430.0,2575.0,3544.0,3947.0,1958.0,984.0,90.0,1.0,19970.0,19970.0,1316.0,1558.0,1651.0,1829.0,2315.0,3073.0,3761.0,2411.0,1765.0,278.0,13.0,15208.0,5942.0,20298.0,36.691758347809305,14.336035514379464,48.972206137811234,양산시 ,355122.0,355122.0,28534.0,35755.0,34950.0,44329.0,61629.0,61518.0,51255.0,24491.0,11226.0,1395.0,40.0,177596.0,177596.0,14684.0,18164.0,18772.0,22863.0,31472.0,30746.0,25342.0,11229.0,3996.0,320.0,8.0,177526.0,177526.0,13850.0,17591.0,16178.0,21466.0,30157.0,30772.0,25913.0,13262.0,7230.0,1075.0,32.0,,,,,88407.0,64289.0,202426.0,24.894824877084496,18.10335602975879,57.00181909315671,의성군 ,50086.0,50086.0,1635.0,2108.0,2513.0,2865.0,4163.0,7817.0,12512.0,8730.0,6690.0,1025.0,28.0,24808.0,24808.0,848.0,1117.0,1457.0,1603.0,2428.0,4374.0,6471.0,4028.0,2255.0,225.0,2.0,25278.0,25278.0,787.0,991.0,1056.0,1262.0,1735.0,3443.0,6041.0,4702.0,4435.0,800.0,26.0,,,,,,28985.0,3743.0,17358.0,57.87046280397716,7.473146188555685,34.65639100746716,전라북도  ,1754757.0,1754757.0,102482.0,164304.0,190813.0,172999.0,245114.0,300818.0,284897.0,171805.0,104131.0,16920.0,474.0,873419.0,873419.0,52352.0,84960.0,103468.0,90056.0,125613.0,156268.0,142143.0,78851.0,35933.0,3714.0,61.0,881338.0,881338.0,50130.0,79344.0,87345.0,82943.0,119501.0,144550.0,142754.0,92954.0,68198.0,13206.0,413.0,578227.0,266786.0,1194641.0,32.951969987867265,15.203586593471346,68.08013873145968,,,,,,,,,,,,,,,,,,,,,,,,,,,,,,,,,,,,,,,,,,,,,,,강진군 ,32722.0,32722.0,1380.0,2256.0,2360.0,2133.0,3236.0,5265.0,6750.0,4907.0,3771.0,652.0,12.0,15949.0,15949.0,680.0,1176.0,1339.0,1110.0,1736.0,2905.0,3460.0,2210.0,1216.0,115.0,2.0,16773.0,16773.0,700.0,1080.0,1021.0,1023.0,1500.0,2360.0,3290.0,2697.0,2555.0,537.0,10.0,,,,,16092.0,3636.0,12994.0,49.17792310983436,11.11179023287085,39.71028665729479,임실군 ,25956.0,25956.0,1100.0,1453.0,1712.0,1667.0,2317.0,4296.0,5603.0,4007.0,3248.0,538.0,15.0,13354.0,13354.0,578.0,761.0,1014.0,890.0,1388.0,2482.0,3120.0,1914.0,1070.0,135.0,2.0,12602.0,12602.0,522.0,692.0,698.0,777.0,929.0,1814.0,2483.0,2093.0,2178.0,403.0,13.0,13411.0,2553.0,9992.0,51.66820774,9.83587609801202,38.49591616581908,,,,,,,,,,,,,,,,,,,,,,,,,,,,,,,,,,,,,,,,,,,,,,,서천군 ,49116.0,49116.0,1784.0,3085.0,3148.0,2953.0,4909.0,7830.0,10889.0,7856.0,5563.0,1077.0,22.0,24257.0,24257.0,896.0,1571.0,1828.0,1640.0,2665.0,4253.0,5522.0,3664.0,1963.0,252.0,3.0,24859.0,24859.0,888.0,1514.0,1320.0,1313.0,2244.0,3577.0,5367.0,4192.0,3600.0,825.0,19.0,25407.0,4869.0,18840.0,51.72856095773272,9.913266552650867,38.358172489616415,괴산군 ,36590.0,36590.0,1124.0,1795.0,2156.0,2054.0,3325.0,6580.0,9859.0,5512.0,3609.0,567.0,9.0,18872.0,18872.0,581.0,918.0,1279.0,1175.0,1876.0,3625.0,5298.0,2734.0,1273.0,113.0,0.0,17718.0,17718.0,543.0,877.0,877.0,879.0,1449.0,2955.0,4561.0,2778.0,2336.0,454.0,9.0,19556.0,2919.0,14115.0,53.44629680240502,7.977589505329324,38.57611369226564
부천시 ,779968,779968,45444,64437,98528,106793,118285,139754,127004,52652,23371,3592,108,385531,385531,23294,32975,50546,55192,59950,67807,61797,24871,8294,791,14,394437,394437,22150,31462,47982,51601,58335,71947,65207,27781,15077,2801,94,,,,,,,,,,206727,109881,463360,26.504548904570445,14.08788565684746,59.4075654385821,화천군 ,23007.0,23007.0,1459.0,1618.0,2928.0,2595.0,2347.0,3616.0,4339.0,2191.0,1677.0,223.0,14.0,12321.0,12321.0,764.0,807.0,1940.0,1562.0,1252.0,1921.0,2379.0,1023.0,605.0,62.0,6.0,10686.0,10686.0,695.0,811.0,988.0,1033.0,1095.0,1695.0,1960.0,1168.0,1072.0,161.0,8.0,8444.0,3077.0,11486.0,36.70187334289564,13.374190463771896,49.92393619333247,의령군 ,25475.0,25475.0,838.0,1348.0,1461.0,1500.0,2421.0,4289.0,6097.0,3815.0,3125.0,564.0,17.0,12668.0,12668.0,459.0,719.0,881.0,787.0,1365.0,2405.0,3294.0,1750.0,897.0,106.0,5.0,12807.0,12807.0,379.0,629.0,580.0,713.0,1056.0,1884.0,2803.0,2065.0,2228.0,458.0,12.0,,,,,13618.0,2186.0,9671.0,53.456329735034345,8.580961727183514,37.96270853778214,청송군 ,24019.0,24019.0,822.0,1056.0,1365.0,1503.0,2078.0,4068.0,5917.0,3987.0,2822.0,396.0,5.0,12063.0,12063.0,426.0,546.0,826.0,923.0,1159.0,2227.0,3026.0,1858.0,977.0,94.0,1.0,11956.0,11956.0,396.0,510.0,539.0,580.0,919.0,1841.0,2891.0,2129.0,1845.0,302.0,4.0,,,,,,13127.0,1878.0,9014.0,54.6525667180149,7.818810108663975,37.52862317332112,전라남도  ,1804217.0,1804217.0,107726.0,158933.0,178152.0,169502.0,240813.0,310282.0,305457.0,189922.0,123690.0,19148.0,592.0,909548.0,909548.0,55007.0,81807.0,99758.0,89471.0,127824.0,167170.0,156840.0,87378.0,40423.0,3801.0,69.0,894669.0,894669.0,52719.0,77126.0,78394.0,80031.0,112989.0,143112.0,148617.0,102544.0,83267.0,15347.0,523.0,638809.0,266659.0,1204206.0,35.40643946930996,14.779763188130918,66.74396705052663,,,,,,,,,,,,,,,,,,,,,,,,,,,,,,,,,,,,,,,,,,,,,,,해남군 ,64575.0,64575.0,2940.0,4712.0,4767.0,4088.0,6934.0,10909.0,13133.0,9431.0,6663.0,970.0,28.0,32249.0,32249.0,1520.0,2391.0,2766.0,2211.0,3788.0,6166.0,6788.0,4285.0,2158.0,175.0,1.0,32326.0,32326.0,1420.0,2321.0,2001.0,1877.0,3146.0,4743.0,6345.0,5146.0,4505.0,795.0,27.0,,,,,30225.0,7652.0,26698.0,46.80603948896632,11.849787069299264,41.34417344173442,순창군 ,26764.0,26764.0,1094.0,2076.0,1998.0,1611.0,2911.0,4427.0,5359.0,3746.0,3086.0,438.0,18.0,13161.0,13161.0,552.0,1076.0,1119.0,811.0,1579.0,2464.0,2839.0,1667.0,943.0,110.0,1.0,13603.0,13603.0,542.0,1000.0,879.0,800.0,1332.0,1963.0,2520.0,2079.0,2143.0,328.0,17.0,12647.0,3170.0,10947.0,47.25377372590046,11.844268420266028,40.90195785383351,,,,,,,,,,,,,,,,,,,,,,,,,,,,,,,,,,,,,,,,,,,,,,,청양군 ,30168.0,30168.0,970.0,1924.0,2471.0,1841.0,2720.0,4905.0,6865.0,4419.0,3416.0,629.0,8.0,15427.0,15427.0,497.0,1023.0,1460.0,1023.0,1569.0,2778.0,3557.0,2145.0,1190.0,182.0,3.0,14741.0,14741.0,473.0,901.0,1011.0,818.0,1151.0,2127.0,3308.0,2274.0,2226.0,447.0,5.0,15337.0,2894.0,11937.0,50.83863696632193,9.592946168125168,39.568416865552905,음성군 ,91183.0,91183.0,4549.0,7136.0,8217.0,8822.0,12483.0,17418.0,17737.0,8705.0,5289.0,803.0,24.0,48454.0,48454.0,2346.0,3769.0,4698.0,5103.0,6951.0,9690.0,9496.0,4316.0,1915.0,163.0,7.0,42729.0,42729.0,2203.0,3367.0,3519.0,3719.0,5532.0,7728.0,8241.0,4389.0,3374.0,640.0,17.0,32558.0,11685.0,46940.0,35.70621717,12.81488874,51.4788940921005
광명시 ,280197,280197,18632,28172,33150,36706,46273,48513,40077,18794,8598,1237,45,137512,137512,9484,14390,17107,18821,22679,24012,19093,8592,3056,268,10,142685,142685,9148,13782,16043,17885,23594,24501,20984,10202,5542,969,35,,,,,,,,,,68751,46804,164642,24.53666527478881,16.70396185540887,58.75937286980232,양구군 ,21056.0,21056.0,1454.0,1845.0,2412.0,2325.0,2380.0,3224.0,3970.0,1903.0,1340.0,198.0,5.0,11063.0,11063.0,724.0,940.0,1567.0,1317.0,1254.0,1726.0,2118.0,890.0,476.0,48.0,3.0,9993.0,9993.0,730.0,905.0,845.0,1008.0,1126.0,1498.0,1852.0,1013.0,864.0,150.0,2.0,7416.0,3299.0,10341.0,35.22036474164133,15.667743161094224,49.11189209726444,함안군 ,60203.0,60203.0,2795.0,5523.0,4355.0,4336.0,8112.0,10841.0,12185.0,6926.0,4403.0,720.0,7.0,30840.0,30840.0,1467.0,2888.0,2615.0,2342.0,4280.0,6003.0,6492.0,3280.0,1341.0,132.0,0.0,29363.0,29363.0,1328.0,2635.0,1740.0,1994.0,3832.0,4838.0,5693.0,3646.0,3062.0,588.0,7.0,,,,,24241.0,8318.0,27644.0,40.26543527731176,13.816587213261796,45.91797750942644,영양군 ,15661.0,15661.0,528.0,871.0,866.0,882.0,1410.0,2668.0,3714.0,2471.0,1955.0,283.0,13.0,7805.0,7805.0,266.0,449.0,495.0,489.0,813.0,1551.0,1904.0,1127.0,658.0,51.0,2.0,7856.0,7856.0,262.0,422.0,371.0,393.0,597.0,1117.0,1810.0,1344.0,1297.0,232.0,11.0,,,,,,8436.0,1399.0,5826.0,53.866292063086654,8.93301832577741,37.20068961113594,경상북도  ,2554324.0,2554324.0,151926.0,217311.0,248255.0,259154.0,357366.0,444707.0,449427.0,252946.0,150000.0,22667.0,565.0,1290298.0,1290298.0,78092.0,113675.0,142133.0,140706.0,186024.0,230473.0,226589.0,117089.0,50686.0,4777.0,54.0,1264026.0,1264026.0,73834.0,103636.0,106122.0,118448.0,171342.0,214234.0,222838.0,135857.0,99314.0,17890.0,511.0,875605.0,369237.0,1758909.0,34.27932400118387,14.45537057945664,68.86005847339648,,,,,,,,,,,,,,,,,,,,,,,,,,,,,,,,,,,,,,,,,,,,,,,영암군 ,52350.0,52350.0,2597.0,4090.0,4726.0,3976.0,6978.0,9506.0,9425.0,6029.0,4323.0,680.0,20.0,27372.0,27372.0,1349.0,2120.0,2829.0,2121.0,4135.0,5513.0,5069.0,2733.0,1349.0,151.0,3.0,24978.0,24978.0,1248.0,1970.0,1897.0,1855.0,2843.0,3993.0,4356.0,3296.0,2974.0,529.0,17.0,,,,,20477.0,6687.0,25186.0,39.115568290353394,12.773638968481375,48.110792741165234,고창군 ,51750.0,51750.0,2047.0,3841.0,3493.0,3295.0,5264.0,8566.0,10587.0,7726.0,5926.0,965.0,40.0,25817.0,25817.0,1089.0,2128.0,2030.0,1750.0,2951.0,4823.0,5400.0,3539.0,1921.0,184.0,2.0,25933.0,25933.0,958.0,1713.0,1463.0,1545.0,2313.0,3743.0,5187.0,4187.0,4005.0,781.0,38.0,25244.0,5888.0,20618.0,48.780676328502416,11.377777777777778,39.84154589371981,,,,,,,,,,,,,,,,,,,,,,,,,,,,,,,,,,,,,,,,,,,,,,,홍성군 ,97524.0,97524.0,6268.0,9320.0,8620.0,9340.0,13492.0,15642.0,16547.0,10168.0,6935.0,1154.0,38.0,48677.0,48677.0,3239.0,4774.0,4755.0,4960.0,6882.0,8354.0,8280.0,4732.0,2408.0,289.0,4.0,48847.0,48847.0,3029.0,4546.0,3865.0,4380.0,6610.0,7288.0,8267.0,5436.0,4527.0,865.0,34.0,34842.0,15588.0,47094.0,35.72659037775317,15.98375784422296,48.289651778023874,단양군 ,27701.0,27701.0,929.0,1711.0,1789.0,1700.0,2684.0,5113.0,7136.0,3952.0,2362.0,316.0,9.0,14087.0,14087.0,477.0,933.0,1049.0,925.0,1439.0,2756.0,3728.0,1859.0,848.0,72.0,1.0,13614.0,13614.0,452.0,778.0,740.0,775.0,1245.0,2357.0,3408.0,2093.0,1514.0,244.0,8.0,13775.0,2640.0,11286.0,49.72744666257536,9.530341864914623,40.74221147251002
평택시 ,591022,591022,48443,56196,76968,92619,100863,98139,68170,30700,16572,2291,61,310473,310473,24598,28704,43373,52172,54583,51792,34848,13834,5999,557,13,280549,280549,23845,27492,33595,40447,46280,46347,33322,16866,10573,1734,48,,,,,,,,,,117794,104639,368589,19.9305609605057,17.704755491335348,62.36468354815895,인제군 ,32020.0,32020.0,2289.0,2287.0,3888.0,3898.0,3906.0,4846.0,6119.0,2770.0,1735.0,271.0,11.0,17422.0,17422.0,1171.0,1158.0,2670.0,2296.0,2121.0,2632.0,3286.0,1383.0,637.0,63.0,5.0,14598.0,14598.0,1118.0,1129.0,1218.0,1602.0,1785.0,2214.0,2833.0,1387.0,1098.0,208.0,6.0,10906.0,4576.0,16538.0,34.05996252342286,14.291068082448469,51.64896939412868,창녕군 ,57083.0,57083.0,2224.0,3771.0,3452.0,3932.0,6209.0,9943.0,13234.0,8098.0,5366.0,841.0,13.0,28528.0,28528.0,1139.0,1985.0,2058.0,2241.0,3425.0,5410.0,6724.0,3751.0,1647.0,147.0,1.0,28555.0,28555.0,1085.0,1786.0,1394.0,1691.0,2784.0,4533.0,6510.0,4347.0,3719.0,694.0,12.0,,,,,27552.0,5995.0,23536.0,48.26655922078377,10.502251108035669,41.231189671180566,영덕군 ,34055.0,34055.0,1215.0,1860.0,1959.0,1963.0,3262.0,5711.0,7561.0,5557.0,4323.0,629.0,15.0,16232.0,16232.0,596.0,962.0,1144.0,1036.0,1735.0,3127.0,3741.0,2391.0,1362.0,138.0,0.0,17823.0,17823.0,619.0,898.0,815.0,927.0,1527.0,2584.0,3820.0,3166.0,2961.0,491.0,15.0,,,,,,18085.0,3075.0,12895.0,53.105270885332544,9.029511085009544,37.8652180296579,경상남도  ,3251158.0,3251158.0,211999.0,315947.0,322711.0,350135.0,505303.0,582857.0,529417.0,269057.0,141937.0,21352.0,443.0,1636987.0,1636987.0,109126.0,163921.0,181299.0,185290.0,259730.0,297614.0,265076.0,124074.0,46745.0,4055.0,57.0,1614171.0,1614171.0,102873.0,152026.0,141412.0,164845.0,245573.0,285243.0,264341.0,144983.0,95192.0,17297.0,386.0,962206.0,527946.0,2290423.0,29.595793252742563,16.238706331713193,70.44945216442879,,,,,,,,,,,,,,,,,,,,,,,,,,,,,,,,,,,,,,,,,,,,,,,무안군 ,90296.0,90296.0,7105.0,10066.0,9201.0,10118.0,14446.0,13625.0,12362.0,7893.0,4769.0,690.0,21.0,45431.0,45431.0,3674.0,5089.0,4966.0,5094.0,7521.0,7429.0,6326.0,3707.0,1501.0,124.0,0.0,44865.0,44865.0,3431.0,4977.0,4235.0,5024.0,6925.0,6196.0,6036.0,4186.0,3268.0,566.0,21.0,,,,,25735.0,17171.0,47390.0,28.500708780012403,19.016346239036057,52.48294498095154,부안군 ,49187.0,49187.0,1912.0,3323.0,3544.0,3245.0,5363.0,8234.0,10339.0,7355.0,5070.0,788.0,14.0,24496.0,24496.0,999.0,1726.0,2038.0,1760.0,2959.0,4567.0,5240.0,3369.0,1679.0,159.0,0.0,24691.0,24691.0,913.0,1597.0,1506.0,1485.0,2404.0,3667.0,5099.0,3986.0,3391.0,629.0,14.0,23566.0,5235.0,20386.0,47.91103340313497,10.643056092056844,41.44591050480818,,,,,,,,,,,,,,,,,,,,,,,,,,,,,,,,,,,,,,,,,,,,,,,예산군 ,78354.0,78354.0,3307.0,5510.0,5961.0,6233.0,8879.0,13156.0,16389.0,10509.0,7199.0,1178.0,33.0,39285.0,39285.0,1680.0,2874.0,3350.0,3408.0,4738.0,7158.0,8238.0,4912.0,2630.0,293.0,4.0,39069.0,39069.0,1627.0,2636.0,2611.0,2825.0,4141.0,5998.0,8151.0,5597.0,4569.0,885.0,29.0,35308.0,8817.0,34229.0,45.06215381473824,11.252775863389234,43.68507032187253,,,,,,,,,,,,,,,,,,,,,,,,,,,,,,,,,,,,,,,,,,,,,,
동두천시 ,88626,88626,4521,7788,9650,8855,12232,16052,14931,8610,5277,693,17,44198,44198,2358,3900,5206,4724,6283,8420,7506,3691,1928,180,2,44428,44428,2163,3888,4444,4131,5949,7632,7425,4919,3349,513,15,,,,,,,,,,29528,12309,46789,33.317536614537495,13.888700832712749,52.79376255274976,고성군 ,27305.0,27305.0,1272.0,1593.0,2518.0,2373.0,2939.0,4648.0,5988.0,3451.0,2194.0,316.0,13.0,14018.0,14018.0,633.0,845.0,1572.0,1328.0,1618.0,2556.0,3059.0,1563.0,768.0,71.0,5.0,13287.0,13287.0,639.0,748.0,946.0,1045.0,1321.0,2092.0,2929.0,1888.0,1426.0,245.0,8.0,11962.0,2865.0,12478.0,43.80882622230361,10.492583775865226,45.69859000183117,고성군 ,49468.0,49468.0,1733.0,3935.0,3268.0,2950.0,5657.0,8766.0,10786.0,7033.0,4519.0,812.0,9.0,24970.0,24970.0,872.0,2164.0,1942.0,1628.0,3098.0,4848.0,5519.0,3302.0,1450.0,147.0,0.0,24498.0,24498.0,861.0,1771.0,1326.0,1322.0,2559.0,3918.0,5267.0,3731.0,3069.0,665.0,9.0,,,,,23159.0,5668.0,20641.0,46.81612355462117,11.457912185655374,41.725964259723455,청도군 ,41316.0,41316.0,1237.0,2125.0,2229.0,2297.0,3928.0,6850.0,10203.0,7036.0,4582.0,812.0,17.0,20493.0,20493.0,637.0,1086.0,1278.0,1258.0,2195.0,3652.0,5296.0,3366.0,1563.0,161.0,1.0,20823.0,20823.0,600.0,1039.0,951.0,1039.0,1733.0,3198.0,4907.0,3670.0,3019.0,651.0,16.0,,,,,,22650.0,3362.0,15304.0,54.82137670636074,8.13728337689999,37.04133991673928,제주특별자치도  ,675252.0,675252.0,51403.0,70469.0,74037.0,78167.0,108720.0,118487.0,93983.0,47881.0,26824.0,4986.0,295.0,337976.0,337976.0,26386.0,36468.0,39448.0,39613.0,55331.0,61292.0,46954.0,21993.0,9556.0,918.0,17.0,337276.0,337276.0,25017.0,34001.0,34589.0,38554.0,53389.0,57195.0,47029.0,25888.0,17268.0,4068.0,278.0,173969.0,121872.0,473394.0,25.76356678691807,18.048373051838425,70.1062714364415,,,,,,,,,,,,,,,,,,,,,,,,,,,,,,,,,,,,,,,,,,,,,,,함평군 ,30601.0,30601.0,984.0,1853.0,2096.0,1786.0,2954.0,5229.0,6532.0,4703.0,3835.0,610.0,19.0,15505.0,15505.0,496.0,995.0,1222.0,968.0,1732.0,3113.0,3543.0,2092.0,1219.0,124.0,1.0,15096.0,15096.0,488.0,858.0,874.0,818.0,1222.0,2116.0,2989.0,2611.0,2616.0,486.0,18.0,,,,,15699.0,2837.0,12065.0,51.3022450246724,9.270938858207249,39.42681611712035,,,,,,,,,,,,,,,,,,,,,,,,,,,,,,,,,,,,,,,,,0.0,0.0,0.0,,,,,,,,,,,,,,,,,,,,,,,,,,,,,,,,,,,,,,,,,,,,,,,,,,태안군 ,60784.0,60784.0,2325.0,4038.0,4255.0,4094.0,6955.0,10447.0,13428.0,9064.0,5214.0,944.0,20.0,30762.0,30762.0,1171.0,2075.0,2562.0,2289.0,3839.0,5690.0,6628.0,4410.0,1879.0,213.0,6.0,30022.0,30022.0,1154.0,1963.0,1693.0,1805.0,3116.0,4757.0,6800.0,4654.0,3335.0,731.0,14.0,28670.0,6363.0,25751.0,47.16701763622006,10.468215319821006,42.364767043958935,,,,,,,,,,,,,,,,,,,,,,,,,,,,,,,,,,,,,,,,,,,,,,
안산시 ,629308,629308,35228,56041,93690,82516,94048,125407,90169,32683,16780,2663,83,322328,322328,17982,28807,49863,45216,49006,62833,47124,15206,5702,572,17,306980,306980,17246,27234,43827,37300,45042,62574,43045,17477,11078,2091,66,,,,,,,,,,142378,91269,395661,22.624533614700592,14.503073216930344,62.872393168369065,양양군 ,27710.0,27710.0,1069.0,1694.0,2102.0,2079.0,3346.0,4861.0,6180.0,3755.0,2262.0,348.0,14.0,14192.0,14192.0,520.0,928.0,1262.0,1175.0,1806.0,2606.0,3182.0,1769.0,878.0,65.0,1.0,13518.0,13518.0,549.0,766.0,840.0,904.0,1540.0,2255.0,2998.0,1986.0,1384.0,283.0,13.0,12559.0,2763.0,12388.0,45.3229880909419,9.971129556116926,44.70588235294118,남해군 ,40780.0,40780.0,1326.0,2587.0,2592.0,2156.0,3901.0,6689.0,8944.0,6588.0,4923.0,1052.0,22.0,19859.0,19859.0,701.0,1432.0,1616.0,1161.0,2049.0,3655.0,4506.0,3030.0,1511.0,197.0,1.0,20921.0,20921.0,625.0,1155.0,976.0,995.0,1852.0,3034.0,4438.0,3558.0,3412.0,855.0,21.0,,,,,21529.0,3913.0,15338.0,52.79303580186367,9.595389897008337,37.611574301128,고령군 ,30139.0,30139.0,1068.0,1770.0,2066.0,1842.0,3242.0,5534.0,6959.0,4363.0,2858.0,429.0,8.0,15477.0,15477.0,543.0,950.0,1203.0,1012.0,1781.0,3133.0,3731.0,2083.0,945.0,96.0,0.0,14662.0,14662.0,525.0,820.0,863.0,830.0,1461.0,2401.0,3228.0,2280.0,1913.0,333.0,8.0,,,,,,14617.0,2838.0,12684.0,48.49862304655098,9.4163708152228,42.08500613822622,,,,,,,,,,,,,,,,,,,,,,,,,,,,,,,,,,,,,,,,,,,,,,,,,,,,,,,,,,,,,,,,,,,,,,,,,,,,,,,,,,,,,,,,,,,,,영광군 ,51750.0,51750.0,3402.0,3912.0,4452.0,4505.0,6064.0,8338.0,9147.0,6692.0,4636.0,574.0,28.0,25874.0,25874.0,1690.0,2019.0,2498.0,2303.0,3371.0,4663.0,4778.0,2956.0,1477.0,114.0,5.0,25876.0,25876.0,1712.0,1893.0,1954.0,2202.0,2693.0,3675.0,4369.0,3736.0,3159.0,460.0,23.0,,,,,21077.0,7314.0,23359.0,40.72850241545894,14.133333333333336,45.138164251207726,,,,,,,,,,,,,,,,,,,,,,,,,,,,,,,,,,,,,,,,,,,,,,,,,,,,,,,,,,,,,,,,,,,,,,,,,,,,,,,,,,,,,,,,,,,,,,,,,,,,,,,,,,,,,,,,,,,,,,,,,,,,,,,,,,,,,0.0,0.0,0.0,,,,,,,,,,,,,,,,,,,,,,,,,,,,,,,,,,,,,,,,,,,,,,,,,
안산시 상록구 ,334867,334867,17826,30111,50843,41705,49602,67794,47802,17889,9718,1521,56,170723,170723,9128,15383,27004,22863,25645,33888,24986,8170,3289,356,11,164144,164144,8698,14728,23839,18842,23957,33906,22816,9719,6429,1165,45,,,,,,,,,,76986,47937,209944,22.990022904615863,14.3152356009998,62.694741494384346,,,,,,,,,,,,,,,,,,,,,,,,,,,,,,,,,,,,,,,,,,,,,,,하동군 ,41606.0,41606.0,1355.0,2397.0,2490.0,2257.0,3860.0,7554.0,9884.0,6319.0,4609.0,865.0,16.0,20825.0,20825.0,693.0,1298.0,1483.0,1231.0,2132.0,4164.0,5228.0,2945.0,1482.0,168.0,1.0,20781.0,20781.0,662.0,1099.0,1007.0,1026.0,1728.0,3390.0,4656.0,3374.0,3127.0,697.0,15.0,,,,,21693.0,3752.0,16161.0,52.13911455078595,9.017930106234678,38.84295534297938,성주군 ,42086.0,42086.0,1509.0,2125.0,2608.0,2952.0,4181.0,7562.0,10446.0,6378.0,3684.0,627.0,14.0,22000.0,22000.0,764.0,1130.0,1596.0,1681.0,2458.0,4238.0,5636.0,3094.0,1264.0,135.0,4.0,20086.0,20086.0,745.0,995.0,1012.0,1271.0,1723.0,3324.0,4810.0,3284.0,2420.0,492.0,10.0,,,,,,21149.0,3634.0,17303.0,50.25186522834196,8.634700375421755,41.11343439623628,,,,,,,,,,,,,,,,,,,,,,,,,,,,,,,,,,,,,,,,,,,,,,,,,,,,,,,,,,,,,,,,,,,,,,,,,,,,,,,,,,,,,,,,,,,,,장성군 ,42543.0,42543.0,1980.0,3002.0,3611.0,3145.0,4808.0,7387.0,8222.0,5622.0,4171.0,574.0,21.0,21892.0,21892.0,1008.0,1540.0,2162.0,1727.0,2656.0,4227.0,4450.0,2639.0,1342.0,136.0,5.0,20651.0,20651.0,972.0,1462.0,1449.0,1418.0,2152.0,3160.0,3772.0,2983.0,2829.0,438.0,16.0,,,,,18610.0,4982.0,18951.0,43.74397668241544,11.710504665867475,44.54551865171709,,,,,,,,,,,,,,,,,,,,,,,,,,,,,,,,,,,,,,,,,,,,,,,,,,,,,,,,,,,,,,,,,,,,,,,,,,,,,,,,,,,,,,,,,,,,,,,,,,,,,,,,,,,,,,,,,,,,,,,,,,,,,,,,,,,,,0.0,0.0,0.0,,,,,,,,,,,,,,,,,,,,,,,,,,,,,,,,,,,,,,,,,,,,,,,,,
안산시 단원구 ,294441,294441,17402,25930,42847,40811,44446,57613,42367,14794,7062,1142,27,151605,151605,8854,13424,22859,22353,23361,28945,22138,7036,2413,216,6,142836,142836,8548,12506,19988,18458,21085,28668,20229,7758,4649,926,21,,,,,,,,,,65392,43332,185717,22.20886357538522,14.716700459514808,63.07443596509997,,,,,,,,,,,,,,,,,,,,,,,,,,,,,,,,,,,,,,,,,,,,,,,산청군 ,33752.0,33752.0,965.0,1895.0,1980.0,1749.0,2952.0,6079.0,8234.0,5260.0,3950.0,671.0,17.0,16758.0,16758.0,498.0,1031.0,1151.0,966.0,1597.0,3339.0,4330.0,2520.0,1216.0,108.0,2.0,16994.0,16994.0,467.0,864.0,829.0,783.0,1355.0,2740.0,3904.0,2740.0,2734.0,563.0,15.0,,,,,18132.0,2860.0,12760.0,53.72126096231335,8.473571936477839,37.805167101208816,칠곡군 ,110581.0,110581.0,6851.0,10934.0,10205.0,11844.0,19634.0,20918.0,16359.0,8065.0,4972.0,773.0,26.0,57966.0,57966.0,3502.0,5757.0,6036.0,6500.0,10562.0,11358.0,8668.0,3786.0,1621.0,175.0,1.0,52615.0,52615.0,3349.0,5177.0,4169.0,5344.0,9072.0,9560.0,7691.0,4279.0,3351.0,598.0,25.0,,,,,,30195.0,17785.0,62601.0,27.3057758566119,16.083233105144647,56.61099103824346,,,,,,,,,,,,,,,,,,,,,,,,,,,,,,,,,,,,,,,,,,,,,,,,,,,,,,,,,,,,,,,,,,,,,,,,,,,,,,,,,,,,,,,,,,,,,완도군 ,46641.0,46641.0,2417.0,3352.0,3128.0,3087.0,5542.0,7460.0,9181.0,6870.0,4868.0,718.0,18.0,23545.0,23545.0,1268.0,1752.0,1833.0,1677.0,3211.0,4270.0,4648.0,3143.0,1602.0,140.0,1.0,23096.0,23096.0,1149.0,1600.0,1295.0,1410.0,2331.0,3190.0,4533.0,3727.0,3266.0,578.0,17.0,,,,,21655.0,5769.0,19217.0,46.42910743766214,12.368945777320384,41.20194678501748,,,,,,,,,,,,,,,,,,,,,,,,,,,,,,,,,,,,,,,,,,,,,,,,,,,,,,,,,,,,,,,,,,,,,,,,,,,,,,,,,,,,,,,,,,,,,,,,,,,,,,,,,,,,,,,,,,,,,,,,,,,,,,,,,,,,,0.0,0.0,0.0,,,,,,,,,,,,,,,,,,,,,,,,,,,,,,,,,,,,,,,,,,,,,,,,,
고양시 ,1074907,1074907,70336,98947,134406,143591,168583,198739,149416,65239,39350,6149,151,524368,524368,35825,50342,68108,71752,82387,96316,74764,28942,14258,1633,41,550539,550539,34511,48605,66298,71839,86196,102423,74652,36297,25092,4516,110,,,,,,,,,,260305,169283,645319,24.2165136146662,15.7486182525558,60.034868132778,,,,,,,,,,,,,,,,,,,,,,,,,,,,,,,,,,,,,,,,,,,,,,,함양군 ,36945.0,36945.0,1376.0,2686.0,2413.0,2156.0,3666.0,6467.0,8064.0,5278.0,4122.0,699.0,18.0,17922.0,17922.0,692.0,1418.0,1371.0,1136.0,1917.0,3491.0,4138.0,2362.0,1266.0,127.0,4.0,19023.0,19023.0,684.0,1268.0,1042.0,1020.0,1749.0,2976.0,3926.0,2916.0,2856.0,572.0,14.0,,,,,18181.0,4062.0,14702.0,49.21098930843145,10.994721883881445,39.7942888076871,예천군 ,55325.0,55325.0,3978.0,4693.0,3792.0,5046.0,7111.0,7752.0,10050.0,6724.0,5317.0,844.0,18.0,27224.0,27224.0,1986.0,2430.0,2140.0,2596.0,3637.0,4202.0,5100.0,3126.0,1828.0,176.0,3.0,28101.0,28101.0,1992.0,2263.0,1652.0,2450.0,3474.0,3550.0,4950.0,3598.0,3489.0,668.0,15.0,,,,,,22953.0,8671.0,23701.0,41.4875734297334,15.672842295526436,42.839584274740176,,,,,,,,,,,,,,,,,,,,,,,,,,,,,,,,,,,,,,,,,,,,,,,,,,,,,,,,,,,,,,,,,,,,,,,,,,,,,,,,,,,,,,,,,,,,,진도군 ,28979.0,28979.0,1295.0,1993.0,2184.0,1893.0,3127.0,4799.0,5716.0,4272.0,3229.0,457.0,14.0,14453.0,14453.0,617.0,1022.0,1272.0,1008.0,1827.0,2765.0,2962.0,1950.0,957.0,71.0,2.0,14526.0,14526.0,678.0,971.0,912.0,885.0,1300.0,2034.0,2754.0,2322.0,2272.0,386.0,12.0,,,,,13688.0,3288.0,12003.0,47.234204078815694,11.346147210048656,41.41964871113565,,,,,,,,,,,,,,,,,,,,,,,,,,,,,,,,,,,,,,,,,,,,,,,,,,,,,,,,,,,,,,,,,,,,,,,,,,,,,,,,,,,,,,,,,,,,,,,,,,,,,,,,,,,,,,,,,,,,,,,,,,,,,,,,,,,,,0.0,0.0,0.0,,,,,,,,,,,,,,,,,,,,,,,,,,,,,,,,,,,,,,,,,,,,,,,,,
고양시 덕양구 ,496438,496438,35940,41413,58770,72872,78922,85915,69326,32390,18179,2651,60,244063,244063,18291,21035,29781,36578,39848,42321,34481,14408,6658,645,17,252375,252375,17649,20378,28989,36294,39074,43594,34845,17982,11521,2006,43,,,,,,,,,,122606,77353,296479,24.69714244276224,15.581603342209904,59.72125421502786,,,,,,,,,,,,,,,,,,,,,,,,,,,,,,,,,,,,,,,,,,,,,,,거창군 ,60047.0,60047.0,2984.0,5660.0,5098.0,4442.0,7015.0,10191.0,11386.0,7093.0,5224.0,930.0,24.0,29555.0,29555.0,1548.0,3093.0,2995.0,2358.0,3556.0,5295.0,5728.0,3134.0,1642.0,204.0,2.0,30492.0,30492.0,1436.0,2567.0,2103.0,2084.0,3459.0,4896.0,5658.0,3959.0,3582.0,726.0,22.0,,,,,24657.0,8644.0,26746.0,41.06283411327793,14.395390277615869,44.5417756091062,봉화군 ,29603.0,29603.0,971.0,1718.0,1589.0,1496.0,2723.0,4992.0,7449.0,4608.0,3481.0,563.0,13.0,15090.0,15090.0,531.0,874.0,961.0,856.0,1560.0,2793.0,3974.0,2211.0,1191.0,138.0,1.0,14513.0,14513.0,440.0,844.0,628.0,640.0,1163.0,2199.0,3475.0,2397.0,2290.0,425.0,12.0,,,,,,16114.0,2689.0,10800.0,54.43367226294632,9.083538830523931,36.48278890652975,,,,,,,,,,,,,,,,,,,,,,,,,,,,,,,,,,,,,,,,,,,,,,,,,,,,,,,,,,,,,,,,,,,,,,,,,,,,,,,,,,,,,,,,,,,,,신안군 ,38037.0,38037.0,1304.0,1935.0,2386.0,2287.0,3941.0,6745.0,8517.0,5990.0,4312.0,602.0,18.0,20514.0,20514.0,683.0,988.0,1450.0,1411.0,2649.0,4167.0,4819.0,2862.0,1378.0,103.0,4.0,17523.0,17523.0,621.0,947.0,936.0,876.0,1292.0,2578.0,3698.0,3128.0,2934.0,499.0,14.0,,,,,19439.0,3239.0,15359.0,51.105502537003446,8.515392906906433,40.37910455609012,,,,,,,,,,,,,,,,,,,,,,,,,,,,,,,,,,,,,,,,,,,,,,,,,,,,,,,,,,,,,,,,,,,,,,,,,,,,,,,,,,,,,,,,,,,,,,,,,,,,,,,,,,,,,,,,,,,,,,,,,,,,,,,,,,,,,,,,,,,,,,,,,,,,,,,,,,,,,,,,,,,,,,,,,,,,,,,,,,,,,,,,
고양시 일산동구 ,291597,291597,17060,27372,38797,37031,45369,56352,40944,16531,10278,1813,50,141346,141346,8725,13970,19379,18326,21666,27039,20627,7433,3667,498,16,150251,150251,8335,13402,19418,18705,23703,29313,20317,9098,6611,1315,34,,,,,,,,,,69616,44432,177549,23.874045343402024,15.237468149535148,60.88848650706284,,,,,,,,,,,,,,,,,,,,,,,,,,,,,,,,,,,,,,,,,,,,,,,합천군 ,41203.0,41203.0,1163.0,2155.0,2328.0,2071.0,3554.0,6843.0,9856.0,6818.0,5503.0,880.0,32.0,20132.0,20132.0,611.0,1133.0,1354.0,1174.0,1989.0,3844.0,5143.0,3077.0,1643.0,160.0,4.0,21071.0,21071.0,552.0,1022.0,974.0,897.0,1565.0,2999.0,4713.0,3741.0,3860.0,720.0,28.0,,,,,23089.0,3318.0,14796.0,56.03718175860981,8.052811688469285,35.910006552920905,울진군 ,46669.0,46669.0,2380.0,3317.0,3887.0,3782.0,5581.0,8174.0,9148.0,5511.0,4119.0,754.0,16.0,23553.0,23553.0,1214.0,1803.0,2351.0,2113.0,2978.0,4552.0,4621.0,2513.0,1280.0,126.0,2.0,23116.0,23116.0,1166.0,1514.0,1536.0,1669.0,2603.0,3622.0,4527.0,2998.0,2839.0,628.0,14.0,,,,,,19548.0,5697.0,21424.0,41.88647710471619,12.207246780518116,45.906276114765696,,,,,,,,,,,,,,,,,,,,,,,,,,,,,,,,,,,,,,,,,,,,,,,,,,,,,,,,,,,,,,,,,,,,,,,,,,,,,,,,,,,,,,,,,,,,,,,,,,,,,,,,,,,,,,,,,,,,,,,,,,,,,,,,,,,,,,,,,0.0,0.0,0.0,,,,,,,,,,,,,,,,,,,,,,,,,,,,,,,,,,,,,,,,,,,,,,,,,,,,,,,,,,,,,,,,,,,,,,,,,,,,,,,,,,,,,,,,,,,,,,,,,,,,,,,,,,,,,,,,,,,,,,,,,,,,,,,,,,,,,,,,,,,,,,,,,,,,,,,,,,,,,,,,,,,,,,,,,,,,,,,,,,,,,,,,,,,
고양시 일산서구 ,286872,286872,17336,30162,36839,33688,44292,56472,39146,16318,10893,1685,41,138959,138959,8809,15337,18948,16848,20873,26956,19656,7101,3933,490,8,147913,147913,8527,14825,17891,16840,23419,29516,19490,9217,6960,1195,33,,,,,,,,,,68083,47498,171291,23.73288435260325,16.557210184333083,59.70990546306366,,,,,,,,,,,,,,,,,,,,,,,,,,,,,,,,,,,,,,,,,,,,,,,,,,,,,,,,,,,,,,,,,,,,,,,,,,,,,,,,,,,,,,,,,,,0.0,0.0,0.0,,,,울릉군 ,9077.0,9077.0,310.0,441.0,794.0,813.0,1195.0,1821.0,1954.0,1120.0,538.0,91.0,0.0,5033.0,5033.0,167.0,217.0,501.0,501.0,738.0,1084.0,1052.0,538.0,213.0,22.0,0.0,4044.0,4044.0,143.0,224.0,293.0,312.0,457.0,737.0,902.0,582.0,325.0,69.0,0.0,,,,,,3703.0,751.0,4623.0,40.79541698799163,8.273658697807646,50.93092431420073,,,,,,,,,,,,,,,,,,,,,,,,,,,,,,,,,,,,,,,,,,,,,,,,,,,,,,,,,,,,,,,,,,,,,,,,,,,,,,,,,,,,,,,,,,,,,,,,,,,,,,,,,,,,,,,,,,,,,,,,,,,,,,,,,,,,,,,,,0.0,0.0,0.0,,,,,,,,,,,,,,,,,,,,,,,,,,,,,,,,,,,,,,,,,,,,,,,,,,,,,,,,,,,,,,,,,,,,,,,,,,,,,,,,,,,,,,,,,,,,,,,,,,,,,,,,,,,,,,,,,,,,,,,,,,,,,,,,,,,,,,,,,,,,,,,,,,,,,,,,,,,,,,,,,,,,,,,,,,,,,,,,,,,,,,,,,,,
과천시 ,81000,81000,7995,7890,9503,12022,12474,13229,10600,4448,2385,445,9,39687,39687,4108,4013,4873,5886,6097,6354,5238,2073,920,122,3,41313,41313,3887,3877,4630,6136,6377,6875,5362,2375,1465,323,6,,,,,,,,,,17887,15885,47228,22.08271604938272,19.611111111111114,58.306172839506175,,,,,,,,,,,,,,,,,,,,,,,,,,,,,,,,,,,,,,,,,,,,,,,,,,,,,,,,,,,,,,,,,,,,,,,,,,,,,,,,,,,,,,,,,,,,,,,,,,,,,,,,,,,,,,,,,,,,,,,,,,,,,,,,,,,,,,,,,,,,,,,,,,,,,,,,,,,,,,,,,,,,,,,,,,,,,,,,,,,,,,,,,,,,,,,,,,,,,,,,,,,,,,,,,,,,,,,,,,,,,,,,,,,,,,,,,,,,,,,,,,,,,,,,,,,,,,,,,,,,,,,,,,,,,,,,,,,,,,,,,,,,,,,,,,,,,,,,,,,,,,,,,,,,,,,,,,,,,,,,,,,,,,,,,,,,,,,,,,,,,,,,,,,,,,,,,,,,,,,,,,,,,,,,,,,,,,,,,,,,,,,,,,,,,,,,,,,,,,,,,,,,,,,,,,,,,,,,,,,,,,,,,,,,,,,,,,,,,,,,,,,,,,,,,,,,,,,,,,,,,,,,,,,,,,,,,
구리시 ,187093,187093,11817,16744,23177,23913,29694,34526,28040,12506,5899,754,23,92559,92559,6058,8671,11768,12191,14939,16798,13977,5706,2243,201,7,94534,94534,5759,8073,11409,11722,14755,17728,14063,6800,3656,553,16,,,,,,,,,,47222,28561,111310,25.239853976364696,15.265670014377877,59.49447600925743,,,,,,,,,,,,,,,,,,,,,,,,,,,,,,,,,,,,,,,,,,,,,,,,,,,,,,,,,,,,,,,,,,,,,,,,,,,,,,,,,,,,,,,,,,,,,,,,,,,,,,,,,,,,,,,,,,,,,,,,,,,,,,,,,,,,,,,,,,,,,,,,,,,,,,,,,,,,,,,,,,,,,,,,,,,,,,,,,,,,,,,,,,,,,,,,,,,,,,,,,,,,,,,,,,,,,,,,,,,,,,,,,,,,,,,,,,,,,,,,,,,,,,,,,,,,,,,,,,,,,,,,,,,,,,,,,,,,,,,,,,,,,,,,,,,,,,,,,,,,,,,,,,,,,,,,,,,,,,,,,,,,,,,,,,,,,,,,,,,,,,,,,,,,,,,,,,,,,,,,,,,,,,,,,,,,,,,,,,,,,,,,,,,,,,,,,,,,,,,,,,,,,,,,,,,,,,,,,,,,,,,,,,,,,,,,,,,,,,,,,,,,,,,,,,,,,,,,,,,,,,,,,,,,,,,,,
남양주시 ,732265,732265,54337,79299,81665,85052,128329,127403,98255,50512,24017,3269,127,363190,363190,27914,40687,42285,42494,63627,64631,48239,23129,9385,775,24,369075,369075,26423,38612,39380,42558,64702,62772,50016,27383,14632,2494,103,,,,,,,,,,176180,133636,422449,24.059595911316254,18.249677370897142,57.69072671778659,,,,,,,,,,,,,,,,,,,,,,,,,,,,,,,,,,,,,,,,,,,,,,,,,,,,,,,,,,,,,,,,,,,,,,,,,,,,,,,,,,,,,,,,,,,,,,,,,,,,,,,,,,,,,,,,,,,,,,,,,,,,,,,,,,,,,,,,,,,,,,,,,,,,,,,,,,,,,,,,,,,,,,,,,,,,,,,,,,,,,,,,,,,,,,,,,,,,,,,,,,,,,,,,,,,,,,,,,,,,,,,,,,,,,,,,,,,,,,,,,,,,,,,,,,,,,,,,,,,,,,,,,,,,,,,,,,,,,,,,,,,,,,,,,,,,,,,,,,,,,,,,,,,,,,,,,,,,,,,,,,,,,,,,,,,,,,,,,,,,,,,,,,,,,,,,,,,,,,,,,,,,,,,,,,,,,,,,,,,,,,,,,,,,,,,,,,,,,,,,,,,,,,,,,,,,,,,,,,,,,,,,,,,,,,,,,,,,,,,,,,,,,,,,,,,,,,,,,,,,,,,,,,,,,,,,,
오산시 ,229656,229656,18139,25482,28851,34992,44413,36503,24599,10845,5154,668,10,119722,119722,9233,13097,15779,19395,23834,19141,12288,4883,1924,147,1,109934,109934,8906,12385,13072,15597,20579,17362,12311,5962,3230,521,9,,,,,,,,,,41276,43621,144759,17.972968265579826,18.99406068206361,63.032971052356565,,,,,,,,,,,,,,,,,,,,,,,,,,,,,,,,,,,,,,,,,,,,,,,,,,,,,,,,,,,,,,,,,,,,,,,,,,,,,,,,,,,,,,,,,,,,,,,,,,,,,,,,,,,,,,,,,,,,,,,,,,,,,,,,,,,,,,,,,,,,,,,,,,,,,,,,,,,,,,,,,,,,,,,,,,,,,,,,,,,,,,,,,,,,,,,,,,,,,,,,,,,,,,,,,,,,,,,,,,,,,,,,,,,,,,,,,,,,,,,,,,,,,,,,,,,,,,,,,,,,,,,,,,,,,,,,,,,,,,,,,,,,,,,,,,,,,,,,,,,,,,,,,,,,,,,,,,,,,,,,,,,,,,,,,,,,,,,,,,,,,,,,,,,,,,,,,,,,,,,,,,,,,,,,,,,,,,,,,,,,,,,,,,,,,,,,,,,,,,,,,,,,,,,,,,,,,,,,,,,,,,,,,,,,,,,,,,,,,,,,,,,,,,,,,,,,,,,,,,,,,,,,,,,,,,,,,
시흥시 ,519715,519715,43910,51516,64220,76407,93191,92668,62438,22604,11021,1689,51,271236,271236,22289,26337,34949,41133,50303,48260,33168,10666,3772,353,6,248479,248479,21621,25179,29271,35274,42888,44408,29270,11938,7249,1336,45,,,,,,,,,,97803,95426,326486,18.818583261980123,18.36121720558383,62.82019953243605,,,,,,,,,,,,,,,,,,,,,,,,,,,,,,,,,,,,,,,,,,,,,,,,,,,,,,,,,,,,,,,,,,,,,,,,,,,,,,,,,,,,,,,,,,,,,,,,,,,,,,,,,,,,,,,,,,,,,,,,,,,,,,,,,,,,,,,,,,,,,,,,,,,,,,,,,,,,,,,,,,,,,,,,,,,,,,,,,,,,,,,,,,,,,,,,,,,,,,,,,,,,,,,,,,,,,,,,,,,,,,,,,,,,,,,,,,,,,,,,,,,,,,,,,,,,,,,,,,,,,,,,,,,,,,,,,,,,,,,,,,,,,,,,,,,,,,,,,,,,,,,,,,,,,,,,,,,,,,,,,,,,,,,,,,,,,,,,,,,,,,,,,,,,,,,,,,,,,,,,,,,,,,,,,,,,,,,,,,,,,,,,,,,,,,,,,,,,,,,,,,,,,,,,,,,,,,,,,,,,,,,,,,,,,,,,,,,,,,,,,,,,,,,,,,,,,,,,,,,,,,,,,,,,,,,,,
군포시 ,261229,261229,15408,23938,33421,35657,39333,47043,39626,16489,8776,1492,46,129573,129573,7927,12357,17471,18894,19488,22974,19209,7640,3217,385,11,131656,131656,7481,11581,15950,16763,19845,24069,20417,8849,5559,1107,35,,,,,,,,,,66429,39346,155454,25.42941250779967,15.061880572218245,59.50870691998208,,,,,,,,,,,,,,,,,,,,,,,,,,,,,,,,,,,,,,,,,,,,,,,,,,,,,,,,,,,,,,,,,,,,,,,,,,,,,,,,,,,,,,,,,,,,,,,,,,,,,,,,,,,,,,,,,,,,,,,,,,,,,,,,,,,,,,,,,,,,,,,,,,,,,,,,,,,,,,,,,,,,,,,,,,,,,,,,,,,,,,,,,,,,,,,,,,,,,,,,,,,,,,,,,,,,,,,,,,,,,,,,,,,,,,,,,,,,,,,,,,,,,,,,,,,,,,,,,,,,,,,,,,,,,,,,,,,,,,,,,,,,,,,,,,,,,,,,,,,,,,,,,,,,,,,,,,,,,,,,,,,,,,,,,,,,,,,,,,,,,,,,,,,,,,,,,,,,,,,,,,,,,,,,,,,,,,,,,,,,,,,,,,,,,,,,,,,,,,,,,,,,,,,,,,,,,,,,,,,,,,,,,,,,,,,,,,,,,,,,,,,,,,,,,,,,,,,,,,,,,,,,,,,,,,,,,
의왕시 ,158870,158870,11620,13402,19759,22979,22715,27898,24751,10072,4803,844,27,78829,78829,6023,6881,10373,11795,11482,13311,12091,4885,1792,192,4,80041,80041,5597,6521,9386,11184,11233,14587,12660,5187,3011,652,23,,,,,,,,,,40497,25022,93351,25.49065273494052,15.749984263863537,58.75936300119594,,,,,,,,,,,,,,,,,,,,,,,,,,,,,,,,,,,,,,,,,,,,,,,,,,,,,,,,,,,,,,,,,,,,,,,,,,,,,,,,,,,,,,,,,,,,,,,,,,,,,,,,,,,,,,,,,,,,,,,,,,,,,,,,,,,,,,,,,,,,,,,,,,,,,,,,,,,,,,,,,,,,,,,,,,,,,,,,,,,,,,,,,,,,,,,,,,,,,,,,,,,,,,,,,,,,,,,,,,,,,,,,,,,,,,,,,,,,,,,,,,,,,,,,,,,,,,,,,,,,,,,,,,,,,,,,,,,,,,,,,,,,,,,,,,,,,,,,,,,,,,,,,,,,,,,,,,,,,,,,,,,,,,,,,,,,,,,,,,,,,,,,,,,,,,,,,,,,,,,,,,,,,,,,,,,,,,,,,,,,,,,,,,,,,,,,,,,,,,,,,,,,,,,,,,,,,,,,,,,,,,,,,,,,,,,,,,,,,,,,,,,,,,,,,,,,,,,,,,,,,,,,,,,,,,,,,
하남시 ,329861,329861,30685,31773,35977,51573,61110,48250,41700,20089,7495,1166,43,164202,164202,15744,16025,17889,25533,31390,24445,20080,9906,2948,236,6,165659,165659,14941,15748,18088,26040,29720,23805,21620,10183,4547,930,37,,,,,,,,,,70493,62458,196910,21.37051667217404,18.934642167458414,59.69484116036755,,,,,,,,,,,,,,,,,,,,,,,,,,,,,,,,,,,,,,,,,,,,,,,,,,,,,,,,,,,,,,,,,,,,,,,,,,,,,,,,,,,,,,,,,,,,,,,,,,,,,,,,,,,,,,,,,,,,,,,,,,,,,,,,,,,,,,,,,,,,,,,,,,,,,,,,,,,,,,,,,,,,,,,,,,,,,,,,,,,,,,,,,,,,,,,,,,,,,,,,,,,,,,,,,,,,,,,,,,,,,,,,,,,,,,,,,,,,,,,,,,,,,,,,,,,,,,,,,,,,,,,,,,,,,,,,,,,,,,,,,,,,,,,,,,,,,,,,,,,,,,,,,,,,,,,,,,,,,,,,,,,,,,,,,,,,,,,,,,,,,,,,,,,,,,,,,,,,,,,,,,,,,,,,,,,,,,,,,,,,,,,,,,,,,,,,,,,,,,,,,,,,,,,,,,,,,,,,,,,,,,,,,,,,,,,,,,,,,,,,,,,,,,,,,,,,,,,,,,,,,,,,,,,,,,,,,
용인시 ,1075566,1075566,81223,120355,132631,133020,190127,183137,123235,70868,35730,5102,138,533387,533387,41477,61540,69357,66991,93478,91912,60368,31526,15262,1446,30,542179,542179,39746,58815,63274,66029,96649,91225,62867,39342,20468,3656,108,,,,,,,,,,235073,201578,638915,21.855748508227297,18.741574203721576,59.40267728805113,,,,,,,,,,,,,,,,,,,,,,,,,,,,,,,,,,,,,,,,,,,,,,,,,,,,,,,,,,,,,,,,,,,,,,,,,,,,,,,,,,,,,,,,,,,,,,,,,,,,,,,,,,,,,,,,,,,,,,,,,,,,,,,,,,,,,,,,,,,,,,,,,,,,,,,,,,,,,,,,,,,,,,,,,,,,,,,,,,,,,,,,,,,,,,,,,,,,,,,,,,,,,,,,,,,,,,,,,,,,,,,,,,,,,,,,,,,,,,,,,,,,,,,,,,,,,,,,,,,,,,,,,,,,,,,,,,,,,,,,,,,,,,,,,,,,,,,,,,,,,,,,,,,,,,,,,,,,,,,,,,,,,,,,,,,,,,,,,,,,,,,,,,,,,,,,,,,,,,,,,,,,,,,,,,,,,,,,,,,,,,,,,,,,,,,,,,,,,,,,,,,,,,,,,,,,,,,,,,,,,,,,,,,,,,,,,,,,,,,,,,,,,,,,,,,,,,,,,,,,,,,,,,,,,,,,,
용인시 처인구 ,261488,261488,17293,24728,32807,32165,42678,45901,37545,18145,8809,1384,33,134289,134289,8866,12801,17984,17462,22364,23635,19039,8516,3297,321,4,127199,127199,8427,11927,14823,14703,20314,22266,18506,9629,5512,1063,29,,,,,,,,,,65916,42021,153551,25.20804013950927,16.069953496909992,58.72200636358074,,,,,,,,,,,,,,,,,,,,,,,,,,,,,,,,,,,,,,,,,,,,,,,,,,,,,,,,,,,,,,,,,,,,,,,,,,,,,,,,,,,,,,,,,,,,,,,,,,,,,,,,,,,,,,,,,,,,,,,,,,,,,,,,,,,,,,,,,,,,,,,,,,,,,,,,,,,,,,,,,,,,,,,,,,,,,,,,,,,,,,,,,,,,,,,,,,,,,,,,,,,,,,,,,,,,,,,,,,,,,,,,,,,,,,,,,,,,,,,,,,,,,,,,,,,,,,,,,,,,,,,,,,,,,,,,,,,,,,,,,,,,,,,,,,,,,,,,,,,,,,,,,,,,,,,,,,,,,,,,,,,,,,,,,,,,,,,,,,,,,,,,,,,,,,,,,,,,,,,,,,,,,,,,,,,,,,,,,,,,,,,,,,,,,,,,,,,,,,,,,,,,,,,,,,,,,,,,,,,,,,,,,,,,,,,,,,,,,,,,,,,,,,,,,,,,,,,,,,,,,,,,,,,,,,,,,
용인시 기흥구 ,436656,436656,32651,50015,55201,52410,77672,75559,47834,28453,14669,2122,70,215218,215218,16723,25548,28793,26320,37734,37649,23052,12423,6325,634,17,221438,221438,15928,24467,26408,26090,39938,37910,24782,16030,8344,1488,53,,,,,,,,,,93148,82666,260842,21.332124143490528,18.9316074896486,59.73626836686087,,,,,,,,,,,,,,,,,,,,,,,,,,,,,,,,,,,,,,,,,,,,,,,,,,,,,,,,,,,,,,,,,,,,,,,,,,,,,,,,,,,,,,,,,,,,,,,,,,,,,,,,,,,,,,,,,,,,,,,,,,,,,,,,,,,,,,,,,,,,,,,,,,,,,,,,,,,,,,,,,,,,,,,,,,,,,,,,,,,,,,,,,,,,,,,,,,,,,,,,,,,,,,,,,,,,,,,,,,,,,,,,,,,,,,,,,,,,,,,,,,,,,,,,,,,,,,,,,,,,,,,,,,,,,,,,,,,,,,,,,,,,,,,,,,,,,,,,,,,,,,,,,,,,,,,,,,,,,,,,,,,,,,,,,,,,,,,,,,,,,,,,,,,,,,,,,,,,,,,,,,,,,,,,,,,,,,,,,,,,,,,,,,,,,,,,,,,,,,,,,,,,,,,,,,,,,,,,,,,,,,,,,,,,,,,,,,,,,,,,,,,,,,,,,,,,,,,,,,,,,,,,,,,,,,,,,
용인시 수지구 ,377422,377422,31279,45612,44623,48445,69777,61677,37856,24270,12252,1596,35,183880,183880,15888,23191,22580,23209,33380,30628,18277,10587,5640,491,9,193542,193542,15391,22421,22043,25236,36397,31049,19579,13683,6612,1105,26,,,,,,,,,,76009,76891,224522,20.138995607039337,20.3726862768996,59.488318116061066,,,,,,,,,,,,,,,,,,,,,,,,,,,,,,,,,,,,,,,,,,,,,,,,,,,,,,,,,,,,,,,,,,,,,,,,,,,,,,,,,,,,,,,,,,,,,,,,,,,,,,,,,,,,,,,,,,,,,,,,,,,,,,,,,,,,,,,,,,,,,,,,,,,,,,,,,,,,,,,,,,,,,,,,,,,,,,,,,,,,,,,,,,,,,,,,,,,,,,,,,,,,,,,,,,,,,,,,,,,,,,,,,,,,,,,,,,,,,,,,,,,,,,,,,,,,,,,,,,,,,,,,,,,,,,,,,,,,,,,,,,,,,,,,,,,,,,,,,,,,,,,,,,,,,,,,,,,,,,,,,,,,,,,,,,,,,,,,,,,,,,,,,,,,,,,,,,,,,,,,,,,,,,,,,,,,,,,,,,,,,,,,,,,,,,,,,,,,,,,,,,,,,,,,,,,,,,,,,,,,,,,,,,,,,,,,,,,,,,,,,,,,,,,,,,,,,,,,,,,,,,,,,,,,,,,,,
파주시 ,497753,497753,40067,51856,56512,69216,84109,82770,61802,31019,17725,2606,71,252159,252159,20516,26318,30671,36066,43298,42926,31116,13957,6615,658,18,245594,245594,19551,25538,25841,33150,40811,39844,30686,17062,11110,1948,53,,,,,,,,,,113223,91923,292607,22.746824228081,18.467593364580427,58.78558240733858,,,,,,,,,,,,,,,,,,,,,,,,,,,,,,,,,,,,,,,,,,,,,,,,,,,,,,,,,,,,,,,,,,,,,,,,,,,,,,,,,,,,,,,,,,,,,,,,,,,,,,,,,,,,,,,,,,,,,,,,,,,,,,,,,,,,,,,,,,,,,,,,,,,,,,,,,,,,,,,,,,,,,,,,,,,,,,,,,,,,,,,,,,,,,,,,,,,,,,,,,,,,,,,,,,,,,,,,,,,,,,,,,,,,,,,,,,,,,,,,,,,,,,,,,,,,,,,,,,,,,,,,,,,,,,,,,,,,,,,,,,,,,,,,,,,,,,,,,,,,,,,,,,,,,,,,,,,,,,,,,,,,,,,,,,,,,,,,,,,,,,,,,,,,,,,,,,,,,,,,,,,,,,,,,,,,,,,,,,,,,,,,,,,,,,,,,,,,,,,,,,,,,,,,,,,,,,,,,,,,,,,,,,,,,,,,,,,,,,,,,,,,,,,,,,,,,,,,,,,,,,,,,,,,,,,,,
이천시 ,222098,222098,15505,21877,28876,30294,34510,36450,31178,14526,7729,1123,30,115622,115622,8015,11262,16521,16675,18041,18964,16040,6921,2876,299,8,106476,106476,7490,10615,12355,13619,16469,17486,15138,7605,4853,824,22,,,,,,,,,,54586,37382,130130,24.57743878828265,16.831308701564176,58.59125251015318,,,,,,,,,,,,,,,,,,,,,,,,,,,,,,,,,,,,,,,,,,,,,,,,,,,,,,,,,,,,,,,,,,,,,,,,,,,,,,,,,,,,,,,,,,,,,,,,,,,,,,,,,,,,,,,,,,,,,,,,,,,,,,,,,,,,,,,,,,,,,,,,,,,,,,,,,,,,,,,,,,,,,,,,,,,,,,,,,,,,,,,,,,,,,,,,,,,,,,,,,,,,,,,,,,,,,,,,,,,,,,,,,,,,,,,,,,,,,,,,,,,,,,,,,,,,,,,,,,,,,,,,,,,,,,,,,,,,,,,,,,,,,,,,,,,,,,,,,,,,,,,,,,,,,,,,,,,,,,,,,,,,,,,,,,,,,,,,,,,,,,,,,,,,,,,,,,,,,,,,,,,,,,,,,,,,,,,,,,,,,,,,,,,,,,,,,,,,,,,,,,,,,,,,,,,,,,,,,,,,,,,,,,,,,,,,,,,,,,,,,,,,,,,,,,,,,,,,,,,,,,,,,,,,,,,,,
안성시 ,189034,189034,11213,17415,22134,21541,29265,32821,29709,15166,8422,1311,37,97738,97738,5813,9024,12195,11962,15677,17419,15118,7202,3020,303,5,91296,91296,5400,8391,9939,9579,13588,15402,14591,7964,5402,1008,32,,,,,,,,,,54645,28628,105761,28.907498122030955,15.14436556386682,55.94813631410223,,,,,,,,,,,,,,,,,,,,,,,,,,,,,,,,,,,,,,,,,,,,,,,,,,,,,,,,,,,,,,,,,,,,,,,,,,,,,,,,,,,,,,,,,,,,,,,,,,,,,,,,,,,,,,,,,,,,,,,,,,,,,,,,,,,,,,,,,,,,,,,,,,,,,,,,,,,,,,,,,,,,,,,,,,,,,,,,,,,,,,,,,,,,,,,,,,,,,,,,,,,,,,,,,,,,,,,,,,,,,,,,,,,,,,,,,,,,,,,,,,,,,,,,,,,,,,,,,,,,,,,,,,,,,,,,,,,,,,,,,,,,,,,,,,,,,,,,,,,,,,,,,,,,,,,,,,,,,,,,,,,,,,,,,,,,,,,,,,,,,,,,,,,,,,,,,,,,,,,,,,,,,,,,,,,,,,,,,,,,,,,,,,,,,,,,,,,,,,,,,,,,,,,,,,,,,,,,,,,,,,,,,,,,,,,,,,,,,,,,,,,,,,,,,,,,,,,,,,,,,,,,,,,,,,,,,
김포시 ,486172,486172,45831,53091,49355,66699,94373,72951,58601,29836,13436,1945,54,242801,242801,23523,26948,25404,32744,48303,37274,28866,13984,5279,460,16,243371,243371,22308,26143,23951,33955,46070,35677,29735,15852,8157,1485,38,,,,,,,,,,103872,98922,283378,21.36527813201912,20.347119949318348,58.28760191866253,,,,,,,,,,,,,,,,,,,,,,,,,,,,,,,,,,,,,,,,,,,,,,,,,,,,,,,,,,,,,,,,,,,,,,,,,,,,,,,,,,,,,,,,,,,,,,,,,,,,,,,,,,,,,,,,,,,,,,,,,,,,,,,,,,,,,,,,,,,,,,,,,,,,,,,,,,,,,,,,,,,,,,,,,,,,,,,,,,,,,,,,,,,,,,,,,,,,,,,,,,,,,,,,,,,,,,,,,,,,,,,,,,,,,,,,,,,,,,,,,,,,,,,,,,,,,,,,,,,,,,,,,,,,,,,,,,,,,,,,,,,,,,,,,,,,,,,,,,,,,,,,,,,,,,,,,,,,,,,,,,,,,,,,,,,,,,,,,,,,,,,,,,,,,,,,,,,,,,,,,,,,,,,,,,,,,,,,,,,,,,,,,,,,,,,,,,,,,,,,,,,,,,,,,,,,,,,,,,,,,,,,,,,,,,,,,,,,,,,,,,,,,,,,,,,,,,,,,,,,,,,,,,,,,,,,,
화성시 ,944342,944342,95153,110022,110981,155558,183476,138446,91282,38675,17892,2777,80,490518,490518,48649,55946,60088,82233,96641,74052,47177,18443,6678,597,14,453824,453824,46504,54076,50893,73325,86835,64394,44105,20232,11214,2180,66,,,,,,,,,,150706,205175,588461,15.95883694678411,21.726768480063367,62.31439457315252,,,,,,,,,,,,,,,,,,,,,,,,,,,,,,,,,,,,,,,,,,,,,,,,,,,,,,,,,,,,,,,,,,,,,,,,,,,,,,,,,,,,,,,,,,,,,,,,,,,,,,,,,,,,,,,,,,,,,,,,,,,,,,,,,,,,,,,,,,,,,,,,,,,,,,,,,,,,,,,,,,,,,,,,,,,,,,,,,,,,,,,,,,,,,,,,,,,,,,,,,,,,,,,,,,,,,,,,,,,,,,,,,,,,,,,,,,,,,,,,,,,,,,,,,,,,,,,,,,,,,,,,,,,,,,,,,,,,,,,,,,,,,,,,,,,,,,,,,,,,,,,,,,,,,,,,,,,,,,,,,,,,,,,,,,,,,,,,,,,,,,,,,,,,,,,,,,,,,,,,,,,,,,,,,,,,,,,,,,,,,,,,,,,,,,,,,,,,,,,,,,,,,,,,,,,,,,,,,,,,,,,,,,,,,,,,,,,,,,,,,,,,,,,,,,,,,,,,,,,,,,,,,,,,,,,,,
광주시 ,391377,391377,29868,35005,41450,52357,68498,68090,57445,26102,11014,1491,57,199601,199601,15318,17883,22049,27357,36057,34842,28667,12685,4403,327,13,191776,191776,14550,17122,19401,25000,32441,33248,28778,13417,6611,1164,44,,,,,,,,,,96109,64873,230395,24.55662954133738,16.575578023235906,58.86779243542672,,,,,,,,,,,,,,,,,,,,,,,,,,,,,,,,,,,,,,,,,,,,,,,,,,,,,,,,,,,,,,,,,,,,,,,,,,,,,,,,,,,,,,,,,,,,,,,,,,,,,,,,,,,,,,,,,,,,,,,,,,,,,,,,,,,,,,,,,,,,,,,,,,,,,,,,,,,,,,,,,,,,,,,,,,,,,,,,,,,,,,,,,,,,,,,,,,,,,,,,,,,,,,,,,,,,,,,,,,,,,,,,,,,,,,,,,,,,,,,,,,,,,,,,,,,,,,,,,,,,,,,,,,,,,,,,,,,,,,,,,,,,,,,,,,,,,,,,,,,,,,,,,,,,,,,,,,,,,,,,,,,,,,,,,,,,,,,,,,,,,,,,,,,,,,,,,,,,,,,,,,,,,,,,,,,,,,,,,,,,,,,,,,,,,,,,,,,,,,,,,,,,,,,,,,,,,,,,,,,,,,,,,,,,,,,,,,,,,,,,,,,,,,,,,,,,,,,,,,,,,,,,,,,,,,,,,
양주시 ,268026,268026,21638,26848,29681,34043,43977,45437,36854,18725,9410,1359,54,135376,135376,11013,13648,15761,17589,22551,23539,18569,8766,3612,312,16,132650,132650,10625,13200,13920,16454,21426,21898,18285,9959,5798,1047,38,,,,,,,,,,66402,48486,153138,24.77446217904233,18.09003604127958,57.13550177967809,,,,,,,,,,,,,,,,,,,,,,,,,,,,,,,,,,,,,,,,,,,,,,,,,,,,,,,,,,,,,,,,,,,,,,,,,,,,,,,,,,,,,,,,,,,,,,,,,,,,,,,,,,,,,,,,,,,,,,,,,,,,,,,,,,,,,,,,,,,,,,,,,,,,,,,,,,,,,,,,,,,,,,,,,,,,,,,,,,,,,,,,,,,,,,,,,,,,,,,,,,,,,,,,,,,,,,,,,,,,,,,,,,,,,,,,,,,,,,,,,,,,,,,,,,,,,,,,,,,,,,,,,,,,,,,,,,,,,,,,,,,,,,,,,,,,,,,,,,,,,,,,,,,,,,,,,,,,,,,,,,,,,,,,,,,,,,,,,,,,,,,,,,,,,,,,,,,,,,,,,,,,,,,,,,,,,,,,,,,,,,,,,,,,,,,,,,,,,,,,,,,,,,,,,,,,,,,,,,,,,,,,,,,,,,,,,,,,,,,,,,,,,,,,,,,,,,,,,,,,,,,,,,,,,,,,,
포천시 ,143323,143323,6646,10499,16074,13767,17319,27974,29240,13085,7552,1129,38,75837,75837,3464,5514,9147,7796,9329,15234,15963,6401,2709,269,11,67486,67486,3182,4985,6927,5971,7990,12740,13277,6684,4843,860,27,,,,,,,,,,51044,17145,75134,35.61466059181011,11.962490319069516,52.42284908912038,,,,,,,,,,,,,,,,,,,,,,,,,,,,,,,,,,,,,,,,,,,,,,,,,,,,,,,,,,,,,,,,,,,,,,,,,,,,,,,,,,,,,,,,,,,,,,,,,,,,,,,,,,,,,,,,,,,,,,,,,,,,,,,,,,,,,,,,,,,,,,,,,,,,,,,,,,,,,,,,,,,,,,,,,,,,,,,,,,,,,,,,,,,,,,,,,,,,,,,,,,,,,,,,,,,,,,,,,,,,,,,,,,,,,,,,,,,,,,,,,,,,,,,,,,,,,,,,,,,,,,,,,,,,,,,,,,,,,,,,,,,,,,,,,,,,,,,,,,,,,,,,,,,,,,,,,,,,,,,,,,,,,,,,,,,,,,,,,,,,,,,,,,,,,,,,,,,,,,,,,,,,,,,,,,,,,,,,,,,,,,,,,,,,,,,,,,,,,,,,,,,,,,,,,,,,,,,,,,,,,,,,,,,,,,,,,,,,,,,,,,,,,,,,,,,,,,,,,,,,,,,,,,,,,,,,,
여주시 ,114412,114412,6231,9285,11209,11324,15462,20384,21741,11477,6272,994,33,58177,58177,3186,4866,6086,6069,7901,10657,11131,5629,2422,226,4,56235,56235,3045,4419,5123,5255,7561,9727,10610,5848,3850,768,29,,,,,,,,,,40517,15516,58379,35.41324336608048,13.561514526448274,51.02524210747125,,,,,,,,,,,,,,,,,,,,,,,,,,,,,,,,,,,,,,,,,,,,,,,,,,,,,,,,,,,,,,,,,,,,,,,,,,,,,,,,,,,,,,,,,,,,,,,,,,,,,,,,,,,,,,,,,,,,,,,,,,,,,,,,,,,,,,,,,,,,,,,,,,,,,,,,,,,,,,,,,,,,,,,,,,,,,,,,,,,,,,,,,,,,,,,,,,,,,,,,,,,,,,,,,,,,,,,,,,,,,,,,,,,,,,,,,,,,,,,,,,,,,,,,,,,,,,,,,,,,,,,,,,,,,,,,,,,,,,,,,,,,,,,,,,,,,,,,,,,,,,,,,,,,,,,,,,,,,,,,,,,,,,,,,,,,,,,,,,,,,,,,,,,,,,,,,,,,,,,,,,,,,,,,,,,,,,,,,,,,,,,,,,,,,,,,,,,,,,,,,,,,,,,,,,,,,,,,,,,,,,,,,,,,,,,,,,,,,,,,,,,,,,,,,,,,,,,,,,,,,,,,,,,,,,,,,
연천군 ,41584,41584,2071,2832,4498,3976,4342,6579,8632,4942,3240,459,13,21776,21776,1054,1474,2849,2345,2338,3557,4525,2343,1157,130,4,19808,19808,1017,1358,1649,1631,2004,3022,4107,2599,2083,329,9,,,,,,,,,,17286,4903,19395,41.568872643324354,11.790592535590612,46.64053482108503,,,,,,,,,,,,,,,,,,,,,,,,,,,,,,,,,,,,,,,,,,,,,,,,,,,,,,,,,,,,,,,,,,,,,,,,,,,,,,,,,,,,,,,,,,,,,,,,,,,,,,,,,,,,,,,,,,,,,,,,,,,,,,,,,,,,,,,,,,,,,,,,,,,,,,,,,,,,,,,,,,,,,,,,,,,,,,,,,,,,,,,,,,,,,,,,,,,,,,,,,,,,,,,,,,,,,,,,,,,,,,,,,,,,,,,,,,,,,,,,,,,,,,,,,,,,,,,,,,,,,,,,,,,,,,,,,,,,,,,,,,,,,,,,,,,,,,,,,,,,,,,,,,,,,,,,,,,,,,,,,,,,,,,,,,,,,,,,,,,,,,,,,,,,,,,,,,,,,,,,,,,,,,,,,,,,,,,,,,,,,,,,,,,,,,,,,,,,,,,,,,,,,,,,,,,,,,,,,,,,,,,,,,,,,,,,,,,,,,,,,,,,,,,,,,,,,,,,,,,,,,,,,,,,,,,,,
가평군 ,62302,62302,2763,4349,5700,5437,7459,10845,13605,7427,4091,607,19,32137,32137,1409,2213,3292,3006,3971,5778,7043,3634,1616,169,6,30165,30165,1354,2136,2408,2431,3488,5067,6562,3793,2475,438,13,,,,,,,,,,25749,7112,29441,41.32933132162692,11.415363872748868,47.25530480562421,,,,,,,,,,,,,,,,,,,,,,,,,,,,,,,,,,,,,,,,,,,,,,,,,,,,,,,,,,,,,,,,,,,,,,,,,,,,,,,,,,,,,,,,,,,,,,,,,,,,,,,,,,,,,,,,,,,,,,,,,,,,,,,,,,,,,,,,,,,,,,,,,,,,,,,,,,,,,,,,,,,,,,,,,,,,,,,,,,,,,,,,,,,,,,,,,,,,,,,,,,,,,,,,,,,,,,,,,,,,,,,,,,,,,,,,,,,,,,,,,,,,,,,,,,,,,,,,,,,,,,,,,,,,,,,,,,,,,,,,,,,,,,,,,,,,,,,,,,,,,,,,,,,,,,,,,,,,,,,,,,,,,,,,,,,,,,,,,,,,,,,,,,,,,,,,,,,,,,,,,,,,,,,,,,,,,,,,,,,,,,,,,,,,,,,,,,,,,,,,,,,,,,,,,,,,,,,,,,,,,,,,,,,,,,,,,,,,,,,,,,,,,,,,,,,,,,,,,,,,,,,,,,,,,,,,,
양평군 ,125238,125238,6482,9996,9822,10549,16122,21442,26918,15047,7635,1194,31,62801,62801,3328,5232,5410,5474,8075,10890,13514,7494,3103,277,4,62437,62437,3154,4764,4412,5075,8047,10552,13404,7553,4532,917,27,,,,,,,,,,50825,16478,57935,40.58273048116386,13.157348408629968,46.25992111020616,,,,,,,,,,,,,,,,,,,,,,,,,,,,,,,,,,,,,,,,,,,,,,,,,,,,,,,,,,,,,,,,,,,,,,,,,,,,,,,,,,,,,,,,,,,,,,,,,,,,,,,,,,,,,,,,,,,,,,,,,,,,,,,,,,,,,,,,,,,,,,,,,,,,,,,,,,,,,,,,,,,,,,,,,,,,,,,,,,,,,,,,,,,,,,,,,,,,,,,,,,,,,,,,,,,,,,,,,,,,,,,,,,,,,,,,,,,,,,,,,,,,,,,,,,,,,,,,,,,,,,,,,,,,,,,,,,,,,,,,,,,,,,,,,,,,,,,,,,,,,,,,,,,,,,,,,,,,,,,,,,,,,,,,,,,,,,,,,,,,,,,,,,,,,,,,,,,,,,,,,,,,,,,,,,,,,,,,,,,,,,,,,,,,,,,,,,,,,,,,,,,,,,,,,,,,,,,,,,,,,,,,,,,,,,,,,,,,,,,,,,,,,,,,,,,,,,,,,,,,,,,,,,,,,,,,,
