행정구역,총인구수,연령구간인구수,0~9세,10~19세,20~29세,30~39세,40~49세,50~59세,60~69세,70~79세,80~89세,90~99세,100세 이상,oldAgePercent,childAgePercent,adultAgePercent
경기도  ,13630821.0,13630821.0,989550.0,1320631.0,1682138.0,1878734.0,2256931.0,2335999.0,1831793.0,847103.0,423029.0,63061.0,1852.0,23.232921920110314,16.948216105251472,59.81886197463822
수원시 ,1197257.0,1197257.0,82636.0,113383.0,175839.0,184342.0,195012.0,202330.0,146108.0,62753.0,30244.0,4483.0,127.0,20.35611401729119,16.37234110971997,63.27154487298884
수원시 장안구 ,270849.0,270849.0,15171.0,26211.0,40724.0,33585.0,41002.0,49885.0,36970.0,16909.0,8973.0,1378.0,41.0,23.729458111346176,15.278623882680018,60.99191800597381
수원시 권선구 ,366167.0,366167.0,25476.0,32358.0,49920.0,57315.0,59602.0,62539.0,48626.0,20039.0,8919.0,1345.0,28.0,21.56311191341656,15.7944325949635,62.64245549161994
수원시 팔달구 ,197213.0,197213.0,11737.0,14079.0,30338.0,32305.0,28749.0,32690.0,26876.0,13234.0,6346.0,831.0,28.0,23.991826096656915,13.090414932078517,62.91775897126457
수원시 영통구 ,363028.0,363028.0,30252.0,40735.0,54857.0,61137.0,65659.0,57216.0,33636.0,12571.0,6006.0,929.0,30.0,14.646804103264763,19.554139074671927,65.7990568220633
성남시 ,919747.0,919747.0,60026.0,83353.0,116584.0,134145.0,147372.0,154797.0,126893.0,62339.0,29497.0,4602.0,139.0,24.296899038539944,15.588960877284732,60.114140084175325
성남시 수정구 ,235942.0,235942.0,14310.0,16448.0,30868.0,36087.0,35299.0,39498.0,36360.0,18348.0,7704.0,987.0,33.0,26.88457332734316,13.03625467275856,60.079171999898286
성남시 중원구 ,210848.0,210848.0,12044.0,14868.0,27048.0,32100.0,31091.0,35761.0,33744.0,16299.0,7015.0,849.0,29.0,27.477614205494007,12.7636970708757,59.75868872363029
성남시 분당구 ,472957.0,472957.0,33672.0,52037.0,58668.0,65958.0,80982.0,79538.0,56789.0,27692.0,14778.0,2766.0,77.0,21.5880090579059,18.121943432489637,60.29004750960447
의정부시 ,464213.0,464213.0,30270.0,40369.0,59680.0,60343.0,71137.0,82385.0,67316.0,33275.0,17101.0,2263.0,74.0,25.856449517786015,15.216937052603008,58.926613429610974
안양시 ,544660.0,544660.0,35412.0,48471.0,68147.0,78448.0,82828.0,95037.0,81458.0,35598.0,16541.0,2664.0,56.0,25.02790731832703,15.400984100172584,59.57110858150039
안양시 만안구 ,230664.0,230664.0,13243.0,16611.0,29339.0,32527.0,32303.0,40752.0,38331.0,18024.0,8297.0,1210.0,27.0,28.56492560607637,12.94263517497312,58.49243921895051
안양시 동안구 ,313996.0,313996.0,22169.0,31860.0,38808.0,45921.0,50525.0,54285.0,43127.0,17574.0,8244.0,1454.0,29.0,22.429585090255927,17.20690709435789,60.363507815386185
부천시 ,779968.0,779968.0,45444.0,64437.0,98528.0,106793.0,118285.0,139754.0,127004.0,52652.0,23371.0,3592.0,108.0,26.504548904570445,14.08788565684746,59.4075654385821
광명시 ,280197.0,280197.0,18632.0,28172.0,33150.0,36706.0,46273.0,48513.0,40077.0,18794.0,8598.0,1237.0,45.0,24.53666527478881,16.70396185540887,58.75937286980232
평택시 ,591022.0,591022.0,48443.0,56196.0,76968.0,92619.0,100863.0,98139.0,68170.0,30700.0,16572.0,2291.0,61.0,19.9305609605057,17.704755491335348,62.36468354815895
동두천시 ,88626.0,88626.0,4521.0,7788.0,9650.0,8855.0,12232.0,16052.0,14931.0,8610.0,5277.0,693.0,17.0,33.317536614537495,13.888700832712749,52.79376255274976
안산시 ,629308.0,629308.0,35228.0,56041.0,93690.0,82516.0,94048.0,125407.0,90169.0,32683.0,16780.0,2663.0,83.0,22.624533614700592,14.503073216930344,62.872393168369065
안산시 상록구 ,334867.0,334867.0,17826.0,30111.0,50843.0,41705.0,49602.0,67794.0,47802.0,17889.0,9718.0,1521.0,56.0,22.990022904615863,14.3152356009998,62.694741494384346
안산시 단원구 ,294441.0,294441.0,17402.0,25930.0,42847.0,40811.0,44446.0,57613.0,42367.0,14794.0,7062.0,1142.0,27.0,22.20886357538522,14.716700459514808,63.07443596509997
고양시 ,1074907.0,1074907.0,70336.0,98947.0,134406.0,143591.0,168583.0,198739.0,149416.0,65239.0,39350.0,6149.0,151.0,24.2165136146662,15.7486182525558,60.034868132778
고양시 덕양구 ,496438.0,496438.0,35940.0,41413.0,58770.0,72872.0,78922.0,85915.0,69326.0,32390.0,18179.0,2651.0,60.0,24.69714244276224,15.581603342209904,59.72125421502786
고양시 일산동구 ,291597.0,291597.0,17060.0,27372.0,38797.0,37031.0,45369.0,56352.0,40944.0,16531.0,10278.0,1813.0,50.0,23.874045343402024,15.237468149535148,60.88848650706284
고양시 일산서구 ,286872.0,286872.0,17336.0,30162.0,36839.0,33688.0,44292.0,56472.0,39146.0,16318.0,10893.0,1685.0,41.0,23.73288435260325,16.557210184333083,59.70990546306366
과천시 ,81000.0,81000.0,7995.0,7890.0,9503.0,12022.0,12474.0,13229.0,10600.0,4448.0,2385.0,445.0,9.0,22.08271604938272,19.611111111111114,58.306172839506175
구리시 ,187093.0,187093.0,11817.0,16744.0,23177.0,23913.0,29694.0,34526.0,28040.0,12506.0,5899.0,754.0,23.0,25.239853976364696,15.265670014377877,59.49447600925743
남양주시 ,732265.0,732265.0,54337.0,79299.0,81665.0,85052.0,128329.0,127403.0,98255.0,50512.0,24017.0,3269.0,127.0,24.059595911316254,18.249677370897142,57.69072671778659
오산시 ,229656.0,229656.0,18139.0,25482.0,28851.0,34992.0,44413.0,36503.0,24599.0,10845.0,5154.0,668.0,10.0,17.972968265579826,18.99406068206361,63.032971052356565
시흥시 ,519715.0,519715.0,43910.0,51516.0,64220.0,76407.0,93191.0,92668.0,62438.0,22604.0,11021.0,1689.0,51.0,18.818583261980123,18.36121720558383,62.82019953243605
군포시 ,261229.0,261229.0,15408.0,23938.0,33421.0,35657.0,39333.0,47043.0,39626.0,16489.0,8776.0,1492.0,46.0,25.42941250779967,15.061880572218245,59.50870691998208
의왕시 ,158870.0,158870.0,11620.0,13402.0,19759.0,22979.0,22715.0,27898.0,24751.0,10072.0,4803.0,844.0,27.0,25.49065273494052,15.749984263863537,58.75936300119594
하남시 ,329861.0,329861.0,30685.0,31773.0,35977.0,51573.0,61110.0,48250.0,41700.0,20089.0,7495.0,1166.0,43.0,21.37051667217404,18.934642167458414,59.69484116036755
용인시 ,1075566.0,1075566.0,81223.0,120355.0,132631.0,133020.0,190127.0,183137.0,123235.0,70868.0,35730.0,5102.0,138.0,21.855748508227297,18.741574203721576,59.40267728805113
용인시 처인구 ,261488.0,261488.0,17293.0,24728.0,32807.0,32165.0,42678.0,45901.0,37545.0,18145.0,8809.0,1384.0,33.0,25.20804013950927,16.069953496909992,58.72200636358074
용인시 기흥구 ,436656.0,436656.0,32651.0,50015.0,55201.0,52410.0,77672.0,75559.0,47834.0,28453.0,14669.0,2122.0,70.0,21.332124143490528,18.9316074896486,59.73626836686087
용인시 수지구 ,377422.0,377422.0,31279.0,45612.0,44623.0,48445.0,69777.0,61677.0,37856.0,24270.0,12252.0,1596.0,35.0,20.138995607039337,20.3726862768996,59.488318116061066
파주시 ,497753.0,497753.0,40067.0,51856.0,56512.0,69216.0,84109.0,82770.0,61802.0,31019.0,17725.0,2606.0,71.0,22.746824228081,18.467593364580427,58.78558240733858
이천시 ,222098.0,222098.0,15505.0,21877.0,28876.0,30294.0,34510.0,36450.0,31178.0,14526.0,7729.0,1123.0,30.0,24.57743878828265,16.831308701564176,58.59125251015318
안성시 ,189034.0,189034.0,11213.0,17415.0,22134.0,21541.0,29265.0,32821.0,29709.0,15166.0,8422.0,1311.0,37.0,28.907498122030955,15.14436556386682,55.94813631410223
김포시 ,486172.0,486172.0,45831.0,53091.0,49355.0,66699.0,94373.0,72951.0,58601.0,29836.0,13436.0,1945.0,54.0,21.36527813201912,20.347119949318348,58.28760191866253
화성시 ,944342.0,944342.0,95153.0,110022.0,110981.0,155558.0,183476.0,138446.0,91282.0,38675.0,17892.0,2777.0,80.0,15.95883694678411,21.726768480063367,62.31439457315252
광주시 ,391377.0,391377.0,29868.0,35005.0,41450.0,52357.0,68498.0,68090.0,57445.0,26102.0,11014.0,1491.0,57.0,24.55662954133738,16.575578023235906,58.86779243542672
양주시 ,268026.0,268026.0,21638.0,26848.0,29681.0,34043.0,43977.0,45437.0,36854.0,18725.0,9410.0,1359.0,54.0,24.77446217904233,18.09003604127958,57.13550177967809
포천시 ,143323.0,143323.0,6646.0,10499.0,16074.0,13767.0,17319.0,27974.0,29240.0,13085.0,7552.0,1129.0,38.0,35.61466059181011,11.962490319069516,52.42284908912038
여주시 ,114412.0,114412.0,6231.0,9285.0,11209.0,11324.0,15462.0,20384.0,21741.0,11477.0,6272.0,994.0,33.0,35.41324336608048,13.561514526448274,51.02524210747125
연천군 ,41584.0,41584.0,2071.0,2832.0,4498.0,3976.0,4342.0,6579.0,8632.0,4942.0,3240.0,459.0,13.0,41.568872643324354,11.790592535590612,46.64053482108503
가평군 ,62302.0,62302.0,2763.0,4349.0,5700.0,5437.0,7459.0,10845.0,13605.0,7427.0,4091.0,607.0,19.0,41.32933132162692,11.415363872748868,47.25530480562421
양평군 ,125238.0,125238.0,6482.0,9996.0,9822.0,10549.0,16122.0,21442.0,26918.0,15047.0,7635.0,1194.0,31.0,40.58273048116386,13.157348408629968,46.25992111020616
강원특별자치도  ,1527807.0,1527807.0,90872.0,129053.0,163610.0,158594.0,208819.0,262513.0,275323.0,141876.0,84135.0,12622.0,390.0,33.66563970449147,14.394815575527536,51.93954471998099
춘천시 ,286426.0,286426.0,18917.0,26060.0,36972.0,34305.0,40807.0,46897.0,44359.0,21996.0,13913.0,2137.0,63.0,28.792078931381926,15.70283423990839,55.50508682870968
원주시 ,361503.0,361503.0,25618.0,34679.0,42306.0,45545.0,55623.0,62537.0,54711.0,23940.0,14305.0,2184.0,55.0,26.33311480126029,16.6795296304595,56.98735556828021
강릉시 ,209439.0,209439.0,11413.0,17380.0,22654.0,20358.0,29591.0,36506.0,37188.0,20886.0,11534.0,1869.0,60.0,34.156484704376936,13.74767832161154,52.09583697401152
동해시 ,88625.0,88625.0,5426.0,8266.0,8485.0,8244.0,13245.0,15922.0,15323.0,8542.0,4533.0,626.0,13.0,32.7638928067701,15.449365303244006,51.7867418899859
태백시 ,38702.0,38702.0,1823.0,3385.0,3053.0,2844.0,5531.0,6860.0,7641.0,4877.0,2441.0,239.0,8.0,39.28995917523642,13.456668905999688,47.25337191876389
속초시 ,82054.0,82054.0,5063.0,6826.0,8130.0,8946.0,11671.0,14927.0,14827.0,7248.0,3797.0,609.0,10.0,32.28483681478051,14.489238793964953,53.225924391254544
삼척시 ,62651.0,62651.0,3196.0,4806.0,6589.0,4898.0,7831.0,10760.0,12185.0,7202.0,4440.0,722.0,22.0,39.21884726500774,12.77234202167563,48.00881071331663
홍천군 ,67309.0,67309.0,3193.0,4544.0,5752.0,5544.0,7349.0,11419.0,15943.0,7877.0,4897.0,768.0,23.0,43.83960540195219,11.494748102036874,44.665646496010936
횡성군 ,46359.0,46359.0,1873.0,3349.0,3165.0,3007.0,4659.0,8140.0,11782.0,6090.0,3710.0,564.0,20.0,47.81380098794193,11.264263681270087,40.92193533078798
영월군 ,37332.0,37332.0,1420.0,2576.0,2799.0,2368.0,4034.0,6788.0,8875.0,5008.0,3034.0,420.0,10.0,46.46683810136077,10.703953712632591,42.829208186006646
평창군 ,40659.0,40659.0,1413.0,2623.0,3034.0,2690.0,4496.0,7609.0,10046.0,5322.0,2999.0,410.0,17.0,46.22346835878895,9.92646154602917,43.85007009518189
정선군 ,34202.0,34202.0,1315.0,2239.0,2291.0,2316.0,4174.0,6336.0,8139.0,4449.0,2575.0,350.0,18.0,45.40962516811882,10.39120519267879,44.19916963920238
철원군 ,41448.0,41448.0,2659.0,3283.0,4532.0,4259.0,4890.0,6617.0,7708.0,4369.0,2749.0,368.0,14.0,36.691758347809305,14.336035514379464,48.972206137811234
화천군 ,23007.0,23007.0,1459.0,1618.0,2928.0,2595.0,2347.0,3616.0,4339.0,2191.0,1677.0,223.0,14.0,36.70187334289564,13.374190463771896,49.92393619333247
양구군 ,21056.0,21056.0,1454.0,1845.0,2412.0,2325.0,2380.0,3224.0,3970.0,1903.0,1340.0,198.0,5.0,35.22036474164133,15.667743161094224,49.11189209726444
인제군 ,32020.0,32020.0,2289.0,2287.0,3888.0,3898.0,3906.0,4846.0,6119.0,2770.0,1735.0,271.0,11.0,34.05996252342286,14.291068082448469,51.64896939412868
고성군 ,27305.0,27305.0,1272.0,1593.0,2518.0,2373.0,2939.0,4648.0,5988.0,3451.0,2194.0,316.0,13.0,43.80882622230361,10.492583775865226,45.69859000183117
양양군 ,27710.0,27710.0,1069.0,1694.0,2102.0,2079.0,3346.0,4861.0,6180.0,3755.0,2262.0,348.0,14.0,45.3229880909419,9.971129556116926,44.70588235294118
경상남도  ,3251158.0,3251158.0,211999.0,315947.0,322711.0,350135.0,505303.0,582857.0,529417.0,269057.0,141937.0,21352.0,443.0,29.595793252742563,16.238706331713193,54.16550041554424
창원시 ,1009038.0,1009038.0,67055.0,96798.0,110725.0,121305.0,159944.0,181804.0,161935.0,73980.0,31153.0,4263.0,76.0,26.897599495757348,16.238536110632108,56.86386439361056
창원시 의창구 ,213342.0,213342.0,14605.0,19255.0,24403.0,26290.0,32575.0,40208.0,35117.0,14209.0,5854.0,814.0,12.0,26.251746022817823,15.871230231271854,57.87702374591033
창원시 성산구 ,245259.0,245259.0,16214.0,24345.0,31963.0,34285.0,37647.0,49261.0,36233.0,10679.0,3950.0,669.0,13.0,21.0161502737922,16.537211682343973,62.44663804386384
창원시 마산합포구 ,179394.0,179394.0,11586.0,14767.0,17130.0,19625.0,26919.0,28919.0,32253.0,18618.0,8385.0,1167.0,25.0,33.695664292005304,14.690011929050025,51.61432377894467
창원시 마산회원구 ,179818.0,179818.0,9870.0,16907.0,18182.0,18346.0,27505.0,32545.0,32025.0,17019.0,6653.0,752.0,14.0,31.40008230544217,14.89116773626667,53.70874995829116
창원시 진해구 ,191225.0,191225.0,14780.0,21524.0,19047.0,22759.0,35298.0,30871.0,26307.0,13455.0,6311.0,861.0,12.0,24.55013727284612,18.98496535494836,56.46489737220551
진주시 ,341074.0,341074.0,23456.0,33860.0,40929.0,38981.0,50492.0,57815.0,51546.0,27510.0,14343.0,2091.0,51.0,28.01180975389505,16.804564405378304,55.18362584072665
통영시 ,120551.0,120551.0,6657.0,12388.0,9231.0,10226.0,19387.0,21778.0,22314.0,12196.0,5637.0,724.0,13.0,33.91427694502742,15.798292838715565,50.28743021625702
사천시 ,109030.0,109030.0,6459.0,10113.0,9646.0,10399.0,16593.0,18971.0,18267.0,11125.0,6417.0,1024.0,16.0,33.79712005869944,15.199486379895442,51.00339356140512
김해시 ,533659.0,533659.0,39679.0,59421.0,60080.0,63334.0,91804.0,102716.0,71142.0,29877.0,13817.0,1754.0,35.0,21.853842997119884,18.56991074824935,59.576246254630775
밀양시 ,102084.0,102084.0,4468.0,7302.0,7587.0,7855.0,12018.0,17551.0,22777.0,13608.0,7796.0,1107.0,15.0,44.378159163042206,11.529720622232672,44.09212021472513
거제시 ,234038.0,234038.0,18932.0,28353.0,20126.0,26157.0,46089.0,43042.0,31511.0,13042.0,5804.0,960.0,22.0,21.93618130389082,20.203983968415383,57.859834727693794
양산시 ,355122.0,355122.0,28534.0,35755.0,34950.0,44329.0,61629.0,61518.0,51255.0,24491.0,11226.0,1395.0,40.0,24.894824877084496,18.10335602975879,57.00181909315671
의령군 ,25475.0,25475.0,838.0,1348.0,1461.0,1500.0,2421.0,4289.0,6097.0,3815.0,3125.0,564.0,17.0,53.456329735034345,8.580961727183514,37.96270853778214
함안군 ,60203.0,60203.0,2795.0,5523.0,4355.0,4336.0,8112.0,10841.0,12185.0,6926.0,4403.0,720.0,7.0,40.26543527731176,13.816587213261796,45.91797750942644
창녕군 ,57083.0,57083.0,2224.0,3771.0,3452.0,3932.0,6209.0,9943.0,13234.0,8098.0,5366.0,841.0,13.0,48.26655922078377,10.502251108035669,41.231189671180566
고성군 ,49468.0,49468.0,1733.0,3935.0,3268.0,2950.0,5657.0,8766.0,10786.0,7033.0,4519.0,812.0,9.0,46.81612355462117,11.457912185655374,41.725964259723455
남해군 ,40780.0,40780.0,1326.0,2587.0,2592.0,2156.0,3901.0,6689.0,8944.0,6588.0,4923.0,1052.0,22.0,52.79303580186367,9.595389897008337,37.611574301128
하동군 ,41606.0,41606.0,1355.0,2397.0,2490.0,2257.0,3860.0,7554.0,9884.0,6319.0,4609.0,865.0,16.0,52.13911455078595,9.017930106234678,38.84295534297938
산청군 ,33752.0,33752.0,965.0,1895.0,1980.0,1749.0,2952.0,6079.0,8234.0,5260.0,3950.0,671.0,17.0,53.72126096231335,8.473571936477839,37.805167101208816
함양군 ,36945.0,36945.0,1376.0,2686.0,2413.0,2156.0,3666.0,6467.0,8064.0,5278.0,4122.0,699.0,18.0,49.21098930843145,10.994721883881445,39.7942888076871
거창군 ,60047.0,60047.0,2984.0,5660.0,5098.0,4442.0,7015.0,10191.0,11386.0,7093.0,5224.0,930.0,24.0,41.06283411327793,14.395390277615869,44.5417756091062
합천군 ,41203.0,41203.0,1163.0,2155.0,2328.0,2071.0,3554.0,6843.0,9856.0,6818.0,5503.0,880.0,32.0,56.03718175860981,8.052811688469285,35.910006552920905
경상북도  ,2554324.0,2554324.0,151926.0,217311.0,248255.0,259154.0,357366.0,444707.0,449427.0,252946.0,150000.0,22667.0,565.0,34.27932400118387,14.45537057945664,51.265305419359485
포항시 ,493033.0,493033.0,32160.0,45811.0,50035.0,53799.0,73901.0,86723.0,86270.0,43074.0,18642.0,2555.0,63.0,30.54643401151647,15.814560080156904,53.639005908326624
포항시 남구 ,226278.0,226278.0,13990.0,20787.0,23786.0,24339.0,34280.0,39930.0,39512.0,20208.0,8368.0,1054.0,24.0,30.566824879130984,15.369147685590292,54.06402743527872
포항시 북구 ,266755.0,266755.0,18170.0,25024.0,26249.0,29460.0,39621.0,46793.0,46758.0,22866.0,10274.0,1501.0,39.0,30.529137223294786,16.192386272047386,53.27847650465783
경주시 ,247489.0,247489.0,13413.0,19526.0,22860.0,23061.0,33201.0,46090.0,46057.0,26218.0,14827.0,2186.0,50.0,36.09776596131545,13.309278392170963,50.59295564651358
김천시 ,137515.0,137515.0,8635.0,12176.0,12473.0,13607.0,18464.0,22980.0,24452.0,14342.0,8902.0,1441.0,43.0,35.763371268588884,15.133621786714176,49.10300694469694
안동시 ,152935.0,152935.0,8460.0,12906.0,14966.0,13941.0,20258.0,25529.0,27189.0,17124.0,10850.0,1677.0,35.0,37.1890018635368,13.970641122045311,48.84035701441789
구미시 ,405506.0,405506.0,32574.0,43706.0,49373.0,58854.0,71465.0,71204.0,49085.0,18473.0,9337.0,1394.0,41.0,19.31660690593974,18.811065680902377,61.87232741315788
영주시 ,100199.0,100199.0,4901.0,8784.0,8941.0,7577.0,12347.0,17184.0,19221.0,12323.0,7708.0,1181.0,32.0,40.38463457719139,13.65782093633669,45.95754448647192
영천시 ,100212.0,100212.0,4975.0,6291.0,8239.0,8640.0,11548.0,17716.0,20593.0,13196.0,7900.0,1099.0,15.0,42.71244960683352,11.242166606793598,46.04538378637289
상주시 ,93858.0,93858.0,4282.0,7215.0,6898.0,6501.0,10345.0,15483.0,19811.0,12614.0,9114.0,1549.0,46.0,45.956657930064566,12.249355409235228,41.793986660700206
문경시 ,68755.0,68755.0,3241.0,5160.0,5438.0,4958.0,7841.0,11285.0,14359.0,9325.0,6192.0,923.0,33.0,44.84328412479092,12.218747727438004,42.93796814777107
경산시 ,266205.0,266205.0,16781.0,22718.0,35159.0,30931.0,39488.0,46646.0,40118.0,21707.0,11187.0,1436.0,34.0,27.979188970905884,14.837812963693397,57.18299806540072
의성군 ,50086.0,50086.0,1635.0,2108.0,2513.0,2865.0,4163.0,7817.0,12512.0,8730.0,6690.0,1025.0,28.0,57.87046280397716,7.473146188555685,34.65639100746716
청송군 ,24019.0,24019.0,822.0,1056.0,1365.0,1503.0,2078.0,4068.0,5917.0,3987.0,2822.0,396.0,5.0,54.6525667180149,7.818810108663975,37.52862317332112
영양군 ,15661.0,15661.0,528.0,871.0,866.0,882.0,1410.0,2668.0,3714.0,2471.0,1955.0,283.0,13.0,53.866292063086654,8.93301832577741,37.20068961113594
영덕군 ,34055.0,34055.0,1215.0,1860.0,1959.0,1963.0,3262.0,5711.0,7561.0,5557.0,4323.0,629.0,15.0,53.105270885332544,9.029511085009544,37.8652180296579
청도군 ,41316.0,41316.0,1237.0,2125.0,2229.0,2297.0,3928.0,6850.0,10203.0,7036.0,4582.0,812.0,17.0,54.82137670636074,8.13728337689999,37.04133991673928
고령군 ,30139.0,30139.0,1068.0,1770.0,2066.0,1842.0,3242.0,5534.0,6959.0,4363.0,2858.0,429.0,8.0,48.49862304655098,9.4163708152228,42.08500613822622
성주군 ,42086.0,42086.0,1509.0,2125.0,2608.0,2952.0,4181.0,7562.0,10446.0,6378.0,3684.0,627.0,14.0,50.25186522834196,8.634700375421755,41.11343439623628
칠곡군 ,110581.0,110581.0,6851.0,10934.0,10205.0,11844.0,19634.0,20918.0,16359.0,8065.0,4972.0,773.0,26.0,27.3057758566119,16.083233105144647,56.61099103824346
예천군 ,55325.0,55325.0,3978.0,4693.0,3792.0,5046.0,7111.0,7752.0,10050.0,6724.0,5317.0,844.0,18.0,41.4875734297334,15.672842295526436,42.839584274740176
봉화군 ,29603.0,29603.0,971.0,1718.0,1589.0,1496.0,2723.0,4992.0,7449.0,4608.0,3481.0,563.0,13.0,54.43367226294632,9.083538830523931,36.48278890652975
울진군 ,46669.0,46669.0,2380.0,3317.0,3887.0,3782.0,5581.0,8174.0,9148.0,5511.0,4119.0,754.0,16.0,41.88647710471619,12.207246780518116,45.906276114765696
울릉군 ,9077.0,9077.0,310.0,441.0,794.0,813.0,1195.0,1821.0,1954.0,1120.0,538.0,91.0,0.0,40.79541698799163,8.273658697807646,50.93092431420073
전국  ,51325329.0,51325329.0,3332892.0,4651460.0,6197486.0,6575548.0,7922134.0,8695699.0,7630708.0,3966203.0,2045024.0,299638.0,8537.0,27.17977706484843,15.556358148235152,72.13119861345653
서울특별시  ,9386034.0,9386034.0,513562.0,733211.0,1355811.0,1427405.0,1420073.0,1495557.0,1315938.0,738469.0,339214.0,45346.0,1448.0,26.000491794510864,13.283278112992134,74.736400912249
부산광역시  ,3293362.0,3293362.0,194403.0,263339.0,377587.0,390659.0,484716.0,541925.0,560720.0,320407.0,141906.0,17268.0,432.0,31.600929384622766,13.898927600427768,71.52590574616455
대구광역시  ,2374960.0,2374960.0,150403.0,214121.0,282470.0,279965.0,356114.0,420799.0,365980.0,195523.0,96888.0,12432.0,265.0,28.256812746319937,15.348637450736014,71.80449354936505
인천광역시  ,2997410.0,2997410.0,202329.0,272079.0,364103.0,413085.0,480780.0,516033.0,441411.0,197825.0,94397.0,14877.0,491.0,24.988273209203943,15.827264204763448,73.91087638994999
광주광역시  ,1419237.0,1419237.0,99779.0,147525.0,190905.0,174075.0,227259.0,240674.0,184732.0,99128.0,48185.0,6768.0,207.0,23.88748320400328,17.42513759153686,71.70366894324204
대전광역시  ,1442216.0,1442216.0,96727.0,137836.0,199228.0,187965.0,220131.0,243258.0,202026.0,99140.0,48573.0,7121.0,211.0,24.758496646826828,16.264068627722892,72.98546126239064
울산광역시  ,1103661.0,1103661.0,79086.0,109462.0,122522.0,136909.0,178114.0,204814.0,169307.0,71586.0,28057.0,3725.0,79.0,24.7135669376738,17.083869050369632,73.54305352821201
세종특별자치시  ,386525.0,386525.0,43541.0,50736.0,37810.0,59340.0,77183.0,54433.0,37233.0,16478.0,8234.0,1494.0,43.0,16.42377595239635,24.390919086734364,68.81805834034022
경기도  ,13630821.0,13630821.0,989550.0,1320631.0,1682138.0,1878734.0,2256931.0,2335999.0,1831793.0,847103.0,423029.0,63061.0,1852.0,23.232921920110314,16.948216105251472,73.25747289910124
강원특별자치도  ,1527807.0,1527807.0,90872.0,129053.0,163610.0,158594.0,208819.0,262513.0,275323.0,141876.0,84135.0,12622.0,390.0,33.66563970449147,14.394815575527536,69.96034184946134
충청북도  ,1593469.0,1593469.0,103333.0,144446.0,181676.0,187761.0,230702.0,272450.0,257982.0,128433.0,75249.0,11181.0,256.0,29.690003382557173,15.549659265414013,70.95029774661447
충청남도  ,2130119.0,2130119.0,143771.0,202057.0,225658.0,251099.0,323996.0,350093.0,325082.0,178624.0,110575.0,18670.0,494.0,29.73754048482737,16.23514930386518,69.2885233172419
전라북도  ,1754757.0,1754757.0,102482.0,164304.0,190813.0,172999.0,245114.0,300818.0,284897.0,171805.0,104131.0,16920.0,474.0,32.951969987867265,15.203586593471346,68.08013873145968
전라남도  ,1804217.0,1804217.0,107726.0,158933.0,178152.0,169502.0,240813.0,310282.0,305457.0,189922.0,123690.0,19148.0,592.0,35.40643946930996,14.779763188130918,66.74396705052663
경상북도  ,2554324.0,2554324.0,151926.0,217311.0,248255.0,259154.0,357366.0,444707.0,449427.0,252946.0,150000.0,22667.0,565.0,34.27932400118387,14.45537057945664,68.86005847339648
경상남도  ,3251158.0,3251158.0,211999.0,315947.0,322711.0,350135.0,505303.0,582857.0,529417.0,269057.0,141937.0,21352.0,443.0,29.595793252742563,16.238706331713193,70.44945216442879
제주특별자치도  ,675252.0,675252.0,51403.0,70469.0,74037.0,78167.0,108720.0,118487.0,93983.0,47881.0,26824.0,4986.0,295.0,25.76356678691807,18.048373051838425,70.1062714364415
세종특별자치시  ,386525.0,386525.0,43541.0,50736.0,37810.0,59340.0,77183.0,54433.0,37233.0,16478.0,8234.0,1494.0,43.0,16.42377595239635,24.390919086734364,59.18530496086929
세종특별자치시 ,386525.0,386525.0,43541.0,50736.0,37810.0,59340.0,77183.0,54433.0,37233.0,16478.0,8234.0,1494.0,43.0,16.42377595239635,24.390919086734364,59.18530496086929
전라남도  ,1804217.0,1804217.0,107726.0,158933.0,178152.0,169502.0,240813.0,310282.0,305457.0,189922.0,123690.0,19148.0,592.0,35.40643946930996,14.779763188130918,49.81379734255913
목포시 ,214156.0,214156.0,13517.0,23295.0,24374.0,21564.0,34520.0,36966.0,31554.0,18536.0,8672.0,1121.0,37.0,27.979603653411534,17.18933861297372,54.83105773361475
여수시 ,271696.0,271696.0,17081.0,24643.0,29965.0,28128.0,38658.0,47483.0,44924.0,26101.0,12770.0,1881.0,62.0,31.556592662387374,15.356869442317883,53.08653789529474
순천시 ,278137.0,278137.0,20198.0,28668.0,33557.0,32076.0,40476.0,49124.0,40507.0,19932.0,11671.0,1879.0,49.0,26.619255978169036,17.569039717836894,55.81170430399407
나주시 ,117377.0,117377.0,8994.0,10111.0,11390.0,14165.0,17039.0,17538.0,18239.0,11190.0,7475.0,1198.0,38.0,32.49358903362669,16.2766129650613,51.22979800131201
광양시 ,152666.0,152666.0,11427.0,15663.0,17976.0,18305.0,22862.0,30143.0,21190.0,9025.0,5146.0,898.0,31.0,23.770846160900263,17.74461897213525,58.48453486696449
담양군 ,45373.0,45373.0,1973.0,2912.0,3831.0,3355.0,4763.0,7977.0,9429.0,6032.0,4403.0,664.0,34.0,45.31769995371697,10.766314768695038,43.91598527758799
곡성군 ,26905.0,26905.0,786.0,1644.0,2029.0,1539.0,2588.0,4630.0,5709.0,3942.0,3399.0,624.0,15.0,50.8790187697454,9.031778479836465,40.08920275041814
구례군 ,24314.0,24314.0,832.0,1608.0,1600.0,1339.0,2388.0,4411.0,5214.0,3592.0,2875.0,447.0,8.0,49.91363000740314,10.035370568396807,40.05099942420005
고흥군 ,61113.0,61113.0,2052.0,3391.0,3491.0,3162.0,5444.0,9517.0,13458.0,10909.0,8123.0,1513.0,53.0,55.726277551421134,8.906451982393271,35.36727046618559
보성군 ,37686.0,37686.0,1253.0,2289.0,2356.0,2051.0,3436.0,6118.0,8068.0,6116.0,5073.0,896.0,30.0,53.55569707583718,9.39871570344425,37.045587220718566
화순군 ,61254.0,61254.0,2728.0,5099.0,6180.0,4530.0,7074.0,11231.0,11136.0,7073.0,5404.0,781.0,18.0,39.85372383844321,12.77794103242237,47.36833512913442
장흥군 ,35046.0,35046.0,1481.0,2439.0,2492.0,2270.0,3535.0,5881.0,7044.0,5065.0,4102.0,719.0,18.0,48.35929920675683,11.185299320892542,40.45540147235063
강진군 ,32722.0,32722.0,1380.0,2256.0,2360.0,2133.0,3236.0,5265.0,6750.0,4907.0,3771.0,652.0,12.0,49.17792310983436,11.11179023287085,39.71028665729479
해남군 ,64575.0,64575.0,2940.0,4712.0,4767.0,4088.0,6934.0,10909.0,13133.0,9431.0,6663.0,970.0,28.0,46.80603948896632,11.849787069299264,41.34417344173442
영암군 ,52350.0,52350.0,2597.0,4090.0,4726.0,3976.0,6978.0,9506.0,9425.0,6029.0,4323.0,680.0,20.0,39.115568290353394,12.773638968481375,48.110792741165234
무안군 ,90296.0,90296.0,7105.0,10066.0,9201.0,10118.0,14446.0,13625.0,12362.0,7893.0,4769.0,690.0,21.0,28.500708780012403,19.016346239036057,52.48294498095154
함평군 ,30601.0,30601.0,984.0,1853.0,2096.0,1786.0,2954.0,5229.0,6532.0,4703.0,3835.0,610.0,19.0,51.3022450246724,9.270938858207249,39.42681611712035
영광군 ,51750.0,51750.0,3402.0,3912.0,4452.0,4505.0,6064.0,8338.0,9147.0,6692.0,4636.0,574.0,28.0,40.72850241545894,14.133333333333336,45.138164251207726
장성군 ,42543.0,42543.0,1980.0,3002.0,3611.0,3145.0,4808.0,7387.0,8222.0,5622.0,4171.0,574.0,21.0,43.74397668241544,11.710504665867475,44.54551865171709
완도군 ,46641.0,46641.0,2417.0,3352.0,3128.0,3087.0,5542.0,7460.0,9181.0,6870.0,4868.0,718.0,18.0,46.42910743766214,12.368945777320384,41.20194678501748
진도군 ,28979.0,28979.0,1295.0,1993.0,2184.0,1893.0,3127.0,4799.0,5716.0,4272.0,3229.0,457.0,14.0,47.234204078815694,11.346147210048656,41.41964871113565
신안군 ,38037.0,38037.0,1304.0,1935.0,2386.0,2287.0,3941.0,6745.0,8517.0,5990.0,4312.0,602.0,18.0,51.105502537003446,8.515392906906433,40.37910455609012
전라북도  ,1754757.0,1754757.0,102482.0,164304.0,190813.0,172999.0,245114.0,300818.0,284897.0,171805.0,104131.0,16920.0,474.0,32.951969987867265,15.203586593471346,51.84444341866139
전주시 ,642727.0,642727.0,43992.0,67931.0,85269.0,76788.0,99645.0,108843.0,86065.0,46991.0,23617.0,3502.0,84.0,24.934225573221603,17.41376976539028,57.65200466138811
전주시 완산구 ,327178.0,327178.0,19679.0,32693.0,44382.0,37398.0,47979.0,57655.0,47086.0,25646.0,12648.0,1962.0,50.0,26.71084241605487,16.007188747409668,57.28196883653547
전주시 덕진구 ,315549.0,315549.0,24313.0,35238.0,40887.0,39390.0,51666.0,51188.0,38979.0,21345.0,10969.0,1540.0,34.0,23.09213466,18.87218783770508,58.03567750175092
군산시 ,259980.0,259980.0,16455.0,25605.0,26581.0,26275.0,40779.0,45066.0,41269.0,24089.0,11854.0,1956.0,51.0,30.471190091545505,16.178167551350104,53.35064235710439
익산시 ,270036.0,270036.0,14667.0,25586.0,31983.0,25909.0,37184.0,48019.0,44935.0,25289.0,14065.0,2350.0,49.0,32.10238634848687,14.906530981054376,52.99108267045875
정읍시 ,103620.0,103620.0,4975.0,8616.0,9275.0,7822.0,12900.0,18132.0,18761.0,12570.0,8965.0,1557.0,47.0,40.43620922601814,13.116193784983594,46.44759698899826
남원시 ,76781.0,76781.0,3837.0,6591.0,6347.0,5597.0,9090.0,13565.0,14160.0,9580.0,6869.0,1106.0,39.0,41.35658561362837,13.581485002800171,45.06192938357146
김제시 ,81430.0,81430.0,3610.0,5810.0,6941.0,6276.0,9157.0,13334.0,16006.0,10906.0,7832.0,1512.0,46.0,44.58062139260714,11.568218101436816,43.85116050595604
완주군 ,97827.0,97827.0,6197.0,8651.0,9158.0,10461.0,13648.0,16470.0,16739.0,9519.0,5962.0,994.0,28.0,33.98039396076748,15.177813895959194,50.84179214327334
진안군 ,24465.0,24465.0,926.0,1559.0,1622.0,1396.0,2223.0,4269.0,5588.0,3711.0,2701.0,455.0,15.0,50.97077457592479,10.15736766809728,38.87185775597793
무주군 ,23251.0,23251.0,852.0,1708.0,1528.0,1454.0,2485.0,4024.0,5030.0,3172.0,2581.0,400.0,17.0,48.16997118403509,11.01027912777945,40.81974968818545
장수군 ,20983.0,20983.0,818.0,1554.0,1362.0,1203.0,2148.0,3573.0,4456.0,3144.0,2355.0,359.0,11.0,49.20650050040509,11.304389267502264,39.48911023209264
임실군 ,25956.0,25956.0,1100.0,1453.0,1712.0,1667.0,2317.0,4296.0,5603.0,4007.0,3248.0,538.0,15.0,51.66820774,9.83587609801202,38.49591616581908
순창군 ,26764.0,26764.0,1094.0,2076.0,1998.0,1611.0,2911.0,4427.0,5359.0,3746.0,3086.0,438.0,18.0,47.25377372590046,11.844268420266028,40.90195785383351
고창군 ,51750.0,51750.0,2047.0,3841.0,3493.0,3295.0,5264.0,8566.0,10587.0,7726.0,5926.0,965.0,40.0,48.780676328502416,11.377777777777778,39.84154589371981
부안군 ,49187.0,49187.0,1912.0,3323.0,3544.0,3245.0,5363.0,8234.0,10339.0,7355.0,5070.0,788.0,14.0,47.91103340313497,10.643056092056844,41.44591050480818
제주특별자치도  ,675252.0,675252.0,51403.0,70469.0,74037.0,78167.0,108720.0,118487.0,93983.0,47881.0,26824.0,4986.0,295.0,25.76356678691807,18.048373051838425,56.18806016124351
제주특별자치도 제주특별자치도 제주시 ,491654.0,491654.0,38632.0,52734.0,57044.0,59940.0,79832.0,85664.0,64901.0,31930.0,17436.0,3334.0,207.0,23.96156646747509,18.583394012862705,57.4550395196622
제주특별자치도 제주특별자치도 서귀포시 ,183598.0,183598.0,12771.0,17735.0,16993.0,18227.0,28888.0,32823.0,29082.0,15951.0,9388.0,1652.0,88.0,30.589113171167444,16.61564940794562,52.79523742088694
충청남도  ,2130119.0,2130119.0,143771.0,202057.0,225658.0,251099.0,323996.0,350093.0,325082.0,178624.0,110575.0,18670.0,494.0,29.73754048482737,16.23514930386518,54.02731021130744
천안시 ,655959.0,655959.0,49866.0,67542.0,89668.0,96930.0,111427.0,108174.0,78573.0,33572.0,17435.0,2692.0,80.0,20.17687081052322,17.898679643087448,61.92444954638934
천안시 동남구 ,256691.0,256691.0,16198.0,25365.0,33420.0,30916.0,40809.0,44828.0,37385.0,17221.0,9067.0,1438.0,44.0,25.38265852717859,16.191841552683968,58.42549992013745
천안시 서북구 ,399268.0,399268.0,33668.0,42177.0,56248.0,66014.0,70618.0,63346.0,41188.0,16351.0,8368.0,1254.0,36.0,16.83004898965106,18.996012703246944,64.17393830710199
공주시 ,102104.0,102104.0,4444.0,7880.0,10921.0,8314.0,11937.0,17149.0,20650.0,11779.0,7605.0,1386.0,39.0,40.60467758364021,12.07004622737601,47.325276188983786
보령시 ,95772.0,95772.0,4822.0,7615.0,7974.0,8068.0,12455.0,16428.0,18746.0,11551.0,6948.0,1135.0,30.0,40.10566762728146,12.986050202564424,46.90828217015412
아산시 ,345796.0,345796.0,30810.0,38366.0,38027.0,50783.0,62699.0,53020.0,39436.0,19766.0,11101.0,1743.0,45.0,20.84784092,20.00485835579359,59.147300720656105
서산시 ,176011.0,176011.0,12756.0,17021.0,17500.0,20495.0,26985.0,29821.0,26085.0,14523.0,9119.0,1663.0,43.0,29.221469112725917,16.917692644209737,53.86083824306436
논산시 ,110423.0,110423.0,5609.0,8866.0,9673.0,9286.0,13454.0,18684.0,21728.0,12981.0,8602.0,1505.0,35.0,40.61744382963694,13.108682068047417,46.273874102315645
계룡시 ,46667.0,46667.0,3768.0,6278.0,4907.0,5418.0,8493.0,8055.0,5737.0,2535.0,1253.0,215.0,8.0,20.88842222555553,21.52698909293505,57.584588681509416
당진시 ,170302.0,170302.0,12987.0,16497.0,14828.0,20560.0,28001.0,28202.0,25079.0,13800.0,8903.0,1404.0,41.0,28.905708682223345,17.312773778346703,53.78151753942996
금산군 ,50093.0,50093.0,1900.0,4043.0,3392.0,3136.0,5480.0,8817.0,11076.0,6863.0,4657.0,707.0,22.0,46.56339209071128,11.86393308,41.57267482482583
부여군 ,61046.0,61046.0,2155.0,4072.0,4313.0,3648.0,6110.0,9763.0,13854.0,9238.0,6625.0,1238.0,30.0,50.75680634275792,10.20050453756184,39.04268911968024
서천군 ,49116.0,49116.0,1784.0,3085.0,3148.0,2953.0,4909.0,7830.0,10889.0,7856.0,5563.0,1077.0,22.0,51.72856095773272,9.913266552650867,38.358172489616415
청양군 ,30168.0,30168.0,970.0,1924.0,2471.0,1841.0,2720.0,4905.0,6865.0,4419.0,3416.0,629.0,8.0,50.83863696632193,9.592946168125168,39.568416865552905
홍성군 ,97524.0,97524.0,6268.0,9320.0,8620.0,9340.0,13492.0,15642.0,16547.0,10168.0,6935.0,1154.0,38.0,35.72659037775317,15.98375784422296,48.289651778023874
예산군 ,78354.0,78354.0,3307.0,5510.0,5961.0,6233.0,8879.0,13156.0,16389.0,10509.0,7199.0,1178.0,33.0,45.06215381473824,11.252775863389234,43.68507032187253
태안군 ,60784.0,60784.0,2325.0,4038.0,4255.0,4094.0,6955.0,10447.0,13428.0,9064.0,5214.0,944.0,20.0,47.16701763622006,10.468215319821006,42.364767043958935
충청북도  ,1593469.0,1593469.0,103333.0,144446.0,181676.0,187761.0,230702.0,272450.0,257982.0,128433.0,75249.0,11181.0,256.0,29.690003382557173,15.549659265414013,54.76033735202881
청주시 ,852189.0,852189.0,63606.0,84520.0,111820.0,118033.0,134187.0,141304.0,114522.0,52168.0,27833.0,4109.0,87.0,23.31865349118564,17.38182492381385,59.29952158500051
청주시 상당구 ,200575.0,200575.0,15165.0,20108.0,23247.0,24945.0,30811.0,34747.0,29014.0,13775.0,7658.0,1081.0,24.0,25.702106443973577,17.585940421288797,56.71195313473763
청주시 서원구 ,186302.0,186302.0,10576.0,17937.0,26197.0,21189.0,26928.0,33560.0,28435.0,13459.0,6975.0,1027.0,19.0,26.792519672359933,15.304720292857832,57.90276003478223
청주시 흥덕구 ,274594.0,274594.0,22190.0,26684.0,38259.0,43860.0,44109.0,44389.0,33390.0,13791.0,6827.0,1071.0,24.0,20.067080853915236,17.79864090256888,62.13427824351589
청주시 청원구 ,190718.0,190718.0,15675.0,19791.0,24117.0,28039.0,32339.0,28608.0,23683.0,11143.0,6373.0,930.0,20.0,22.100168835663126,18.59604232426934,59.30378884006754
충주시 ,207778.0,207778.0,12215.0,17874.0,21773.0,22423.0,29047.0,36566.0,36466.0,18432.0,11272.0,1667.0,43.0,32.66948377595318,14.481321410351434,52.84919481369539
제천시 ,130194.0,130194.0,7044.0,11184.0,14011.0,11587.0,16373.0,23038.0,25119.0,13326.0,7515.0,969.0,28.0,36.06694624944314,14.00064519102263,49.93240855953424
보은군 ,31010.0,31010.0,1109.0,1875.0,1951.0,1838.0,2862.0,5276.0,7650.0,4499.0,3327.0,615.0,8.0,51.91551113,9.622702354,38.46178652047726
옥천군 ,48891.0,48891.0,1945.0,3594.0,3761.0,3219.0,5569.0,8547.0,10846.0,6534.0,4151.0,704.0,21.0,45.521670655130805,11.329283508212146,43.14904583665705
영동군 ,44195.0,44195.0,1624.0,2920.0,3306.0,2640.0,4374.0,7841.0,10237.0,6337.0,4298.0,602.0,16.0,48.62541011426632,10.281706075347891,41.092883810385786
증평군 ,37484.0,37484.0,2633.0,3381.0,4251.0,4545.0,5506.0,6309.0,5879.0,3004.0,1735.0,237.0,4.0,28.969693735994024,16.044178849642517,54.98612741436346
진천군 ,86254.0,86254.0,6555.0,8456.0,8641.0,10900.0,14292.0,14458.0,12531.0,5964.0,3858.0,592.0,7.0,26.609780415980712,17.403250863728058,55.98696872029123
괴산군 ,36590.0,36590.0,1124.0,1795.0,2156.0,2054.0,3325.0,6580.0,9859.0,5512.0,3609.0,567.0,9.0,53.44629680240502,7.977589505329324,38.57611369226564
음성군 ,91183.0,91183.0,4549.0,7136.0,8217.0,8822.0,12483.0,17418.0,17737.0,8705.0,5289.0,803.0,24.0,35.70621717,12.81488874,51.4788940921005
단양군 ,27701.0,27701.0,929.0,1711.0,1789.0,1700.0,2684.0,5113.0,7136.0,3952.0,2362.0,316.0,9.0,49.72744666257536,9.530341864914623,40.74221147251002
